City_ID,City,Country,Date,Lat,Lng,Max Temp,Humidity,Cloudiness,Wind Speed
0,Mataura,NZ,2021-11-29 19:56:26,-46.1927,168.8643,56.48,77,97,3.78
1,Busselton,AU,2021-11-29 19:55:41,-33.65,115.3333,57.04,72,11,8.23
2,Hermanus,ZA,2021-11-29 19:56:26,-34.4187,19.2345,61.9,76,58,12.28
3,Ushuaia,AR,2021-11-29 19:52:47,-54.8,-68.3,42.46,75,75,21.85
4,Wairoa,NZ,2021-11-29 19:56:27,-39.0333,177.3667,71.55,71,100,1.99
5,Tiksi,RU,2021-11-29 19:56:27,71.6872,128.8694,-22.25,100,95,6.02
6,Vaini,TO,2021-11-29 19:55:32,-21.2,-175.2,78.96,73,40,10.36
7,Rikitea,PF,2021-11-29 19:52:46,-23.1203,-134.9692,76.42,76,1,22.15
8,Bayan,CN,2021-11-29 19:56:28,46.0833,127.4,14.31,96,100,2.13
9,Atuona,PF,2021-11-29 19:51:46,-9.8,-139.0333,78.39,78,32,23.33
10,Mounana,GA,2021-11-29 19:56:28,-1.4085,13.1586,70.5,97,88,1.05
11,Cabo San Lucas,MX,2021-11-29 19:56:02,22.8909,-109.9124,87.19,65,100,4.0
12,Lavrentiya,RU,2021-11-29 19:56:29,65.5833,-171.0,-11.25,92,7,8.68
13,Torbay,CA,2021-11-29 19:56:29,47.6666,-52.7314,45.68,81,78,6.71
14,Albany,US,2021-11-29 19:55:40,42.6001,-73.9662,33.17,69,97,5.01
15,Severo-Kurilsk,RU,2021-11-29 19:56:30,50.6789,156.125,32.99,82,97,33.89
16,Kavieng,PG,2021-11-29 19:55:38,-2.5744,150.7967,82.49,79,100,17.02
17,Yeppoon,AU,2021-11-29 19:56:31,-23.1333,150.7333,73.18,86,42,8.59
18,Tuktoyaktuk,CA,2021-11-29 19:55:34,69.4541,-133.0374,-14.8,76,75,19.57
19,Gien,FR,2021-11-29 19:56:31,47.6933,2.6309,36.45,98,37,6.42
20,Pevek,RU,2021-11-29 19:56:32,69.7008,170.3133,1.06,96,100,3.85
21,Saint-Philippe,RE,2021-11-29 19:55:35,-21.3585,55.7679,76.55,84,57,7.11
22,Bangassou,CF,2021-11-29 19:56:32,4.7413,22.8184,69.26,97,100,5.41
23,Caravelas,BR,2021-11-29 19:52:08,-17.7125,-39.2481,81.0,76,3,11.7
24,Richards Bay,ZA,2021-11-29 19:56:33,-28.783,32.0377,70.02,90,15,5.57
25,Cape Town,ZA,2021-11-29 19:52:36,-33.9258,18.4232,64.89,86,20,10.36
26,Punta Arenas,CL,2021-11-29 19:56:34,-53.15,-70.9167,50.11,50,40,31.07
27,Barrow,US,2021-11-29 19:55:37,71.2906,-156.7887,-18.26,98,96,7.31
28,Faanui,PF,2021-11-29 19:56:34,-16.4833,-151.75,80.22,77,100,12.37
29,Lebu,CL,2021-11-29 19:56:34,-37.6167,-73.65,58.6,75,77,18.32
30,Maniitsoq,GL,2021-11-29 19:56:35,65.4167,-52.9,32.67,96,100,16.73
31,Chiang Rai,TH,2021-11-29 19:56:35,19.9167,99.9167,62.58,100,21,0.0
32,Saint George,US,2021-11-29 19:54:10,37.1041,-113.5841,75.67,27,1,3.44
33,Winnemucca,US,2021-11-29 19:56:36,40.973,-117.7357,52.11,27,4,2.62
34,Bandarbeyla,SO,2021-11-29 19:56:36,9.4942,50.8122,78.03,71,16,18.72
35,Talnakh,RU,2021-11-29 19:56:37,69.4865,88.3972,-18.89,98,99,6.85
36,Khatanga,RU,2021-11-29 19:56:37,71.9667,102.5,-28.57,100,95,5.32
37,Ponta Do Sol,PT,2021-11-29 19:56:37,32.6667,-17.1,64.71,74,16,5.21
38,Praia Da Vitoria,PT,2021-11-29 19:55:22,38.7333,-27.0667,59.25,88,75,5.01
39,Damghan,IR,2021-11-29 19:56:38,36.1683,54.348,46.29,54,7,1.95
40,Chara,RU,2021-11-29 19:56:39,56.9064,118.2631,-9.6,80,100,1.72
41,Arlit,NE,2021-11-29 19:56:39,18.7369,7.3853,78.8,13,13,8.75
42,Los Llanos De Aridane,ES,2021-11-29 19:56:39,28.6585,-17.9182,62.35,84,75,1.01
43,Jamestown,US,2021-11-29 19:56:40,42.097,-79.2353,35.1,80,88,5.99
44,Hithadhoo,MV,2021-11-29 19:55:34,-0.6,73.0833,81.05,80,37,14.9
45,Xuddur,SO,2021-11-29 19:56:40,4.1213,43.8894,78.58,34,95,10.0
46,Saskylakh,RU,2021-11-29 19:57:41,71.9167,114.0833,-23.53,100,93,4.16
47,Makakilo City,US,2021-11-29 19:57:41,21.3469,-158.0858,76.69,62,90,10.36
48,San Patricio,US,2021-11-29 19:57:40,28.017,-97.5169,72.07,41,9,3.24
49,Turukhansk,RU,2021-11-29 19:57:42,65.8167,87.9833,-0.13,96,100,17.25
50,Hobart,AU,2021-11-29 19:52:43,-42.8794,147.3294,55.11,89,20,3.0
51,Korla,CN,2021-11-29 19:57:42,41.7597,86.1469,23.34,73,7,5.14
52,Nago,JP,2021-11-29 19:57:42,26.5881,127.9761,72.45,76,75,14.72
53,Pochutla,MX,2021-11-29 19:57:43,15.7432,-96.4661,88.83,49,6,8.9
54,Pangai,TO,2021-11-29 19:57:43,-19.8,-174.35,80.71,57,20,13.8
55,Arraial Do Cabo,BR,2021-11-29 19:54:04,-22.9661,-42.0278,82.36,69,0,12.66
56,Thompson,CA,2021-11-29 19:57:44,55.7435,-97.8558,21.36,86,90,5.75
57,Lompoc,US,2021-11-29 19:57:44,34.6391,-120.4579,85.08,30,0,1.99
58,Carnarvon,AU,2021-11-29 19:55:31,-24.8667,113.6333,69.87,83,40,20.71
59,Husavik,IS,2021-11-29 19:57:45,66.0449,-17.3389,24.71,78,100,9.84
60,Riosucio,CO,2021-11-29 19:57:45,5.4216,-75.7032,70.23,88,100,2.68
61,Kidal,ML,2021-11-29 19:57:46,18.4411,1.4078,80.26,13,19,10.92
62,Leningradskiy,RU,2021-11-29 19:57:46,69.3833,178.4167,-20.54,96,75,9.13
63,Brae,GB,2021-11-29 19:57:46,60.3964,-1.353,40.91,67,61,29.06
64,Manado,ID,2021-11-29 19:57:47,1.487,124.8455,74.17,94,40,1.14
65,Sinnamary,GF,2021-11-29 19:57:47,5.3833,-52.95,81.19,80,100,8.63
66,Najran,SA,2021-11-29 19:57:47,17.4924,44.1277,61.45,47,0,2.75
67,Ust-Tsilma,RU,2021-11-29 19:57:48,65.441,52.1498,-11.38,100,58,2.1
68,Shahreza,IR,2021-11-29 19:57:48,32.0339,51.8794,49.53,50,17,1.61
69,Strezhevoy,RU,2021-11-29 19:57:48,60.7333,77.5889,24.78,92,100,11.86
70,Grand Gaube,MU,2021-11-29 19:57:49,-20.0064,57.6608,74.37,69,0,3.0
71,Jibuti,DJ,2021-11-29 19:56:30,11.5,42.5,73.83,55,24,10.27
72,Port-Gentil,GA,2021-11-29 19:57:49,-0.7193,8.7815,76.96,94,20,5.75
73,Kapaa,US,2021-11-29 19:57:50,22.0752,-159.319,78.12,79,6,5.01
74,Haines Junction,CA,2021-11-29 19:57:50,60.7522,-137.5108,-13.05,70,100,3.44
75,Porto Novo,BJ,2021-11-29 19:57:50,6.4965,2.6036,80.42,79,96,6.29
76,Jackson,US,2021-11-29 19:54:02,42.4165,-122.8345,56.44,100,90,5.75
77,Kloulklubed,PW,2021-11-29 19:57:51,7.0419,134.2556,83.77,73,100,7.07
78,Ahuimanu,US,2021-11-29 19:57:51,21.4447,-157.8378,77.86,66,50,19.84
79,Flinders,AU,2021-11-29 19:57:52,-34.5833,150.8552,65.21,88,83,1.01
80,Poum,NC,2021-11-29 19:57:52,-20.2333,164.0167,80.35,79,12,14.47
81,Kahului,US,2021-11-29 19:55:21,20.8947,-156.47,74.46,96,40,9.22
82,Nanortalik,GL,2021-11-29 19:57:53,60.1432,-45.2371,34.47,99,100,16.58
83,Castro,BR,2021-11-29 19:57:53,-24.7911,-50.0119,74.39,75,46,8.46
84,Butaritari,KI,2021-11-29 19:55:41,3.0707,172.7902,81.21,81,35,11.36
85,Yellowknife,CA,2021-11-29 19:57:28,62.456,-114.3525,-11.58,80,20,14.97
86,Leh,IN,2021-11-29 19:57:31,34.1667,77.5833,16.61,57,100,2.3
87,Walvis Bay,NA,2021-11-29 19:57:54,-22.9575,14.5053,60.1,88,0,8.05
88,East London,ZA,2021-11-29 19:57:54,-33.0153,27.9116,69.78,80,39,13.18
89,San Ignacio,BZ,2021-11-29 19:57:55,17.1561,-89.0714,86.14,58,40,4.61
90,Vila Velha,BR,2021-11-29 19:57:55,-20.3297,-40.2925,80.55,86,40,8.99
91,Marsa Matruh,EG,2021-11-29 19:57:55,31.3525,27.2453,73.6,28,0,9.22
92,New Norfolk,AU,2021-11-29 19:57:56,-42.7826,147.0587,54.75,77,41,2.39
93,Upernavik,GL,2021-11-29 19:57:56,72.7868,-56.1549,22.01,96,100,5.1
94,Georgetown,MY,2021-11-29 19:58:57,5.4112,100.3354,76.95,95,40,0.0
95,Antofagasta,CL,2021-11-29 19:57:31,-23.65,-70.4,67.28,67,5,7.87
96,Quixeramobim,BR,2021-11-29 19:58:57,-5.1992,-39.2928,94.39,29,28,5.37
97,Kaeo,NZ,2021-11-29 19:58:57,-35.1,173.7833,67.32,79,83,2.44
98,Tikapur,NP,2021-11-29 19:58:58,28.5,81.1333,58.6,74,92,2.68
99,Nishihara,JP,2021-11-29 19:58:58,26.1842,127.7558,71.65,81,75,11.5
100,Redan,US,2021-11-29 19:58:59,33.7454,-84.1316,58.12,27,2,8.08
101,Honningsvag,NO,2021-11-29 19:58:59,70.9821,25.9704,23.0,86,33,31.09
102,Port Elizabeth,ZA,2021-11-29 19:56:45,-33.918,25.5701,61.11,94,0,5.75
103,Maragogi,BR,2021-11-29 19:59:00,-9.0122,-35.2225,80.71,78,62,13.85
104,Kodiak,US,2021-11-29 19:59:00,57.79,-152.4072,36.91,93,90,27.63
105,Saint-Augustin,CA,2021-11-29 19:59:00,51.226,-58.6502,34.54,71,100,9.33
106,Cayenne,GF,2021-11-29 19:59:01,4.9333,-52.3333,84.24,80,75,4.0
107,Veraval,IN,2021-11-29 19:56:57,20.9,70.3667,75.04,44,72,13.35
108,Ajdabiya,LY,2021-11-29 19:59:01,30.7554,20.2263,63.66,45,100,14.43
109,Mandera,KE,2021-11-29 19:59:02,3.9366,41.867,85.08,50,100,7.76
110,Loandjili,CG,2021-11-29 19:59:02,-4.7561,11.8578,78.91,86,100,4.7
111,Havelock,US,2021-11-29 19:57:25,34.8791,-76.9013,51.94,41,39,4.0
112,Barcelos,PT,2021-11-29 19:59:03,41.5388,-8.6151,51.85,85,100,2.01
113,Cascais,PT,2021-11-29 19:59:03,38.6979,-9.4215,58.51,69,75,15.01
114,Clyde River,CA,2021-11-29 19:56:45,70.4692,-68.5914,-1.97,84,75,6.91
115,Mitsamiouli,KM,2021-11-29 19:59:04,-11.3847,43.2844,80.1,79,2,8.97
116,Bururi,BI,2021-11-29 19:59:04,-3.85,29.6333,58.26,88,97,3.89
117,Chokurdakh,RU,2021-11-29 19:56:46,70.6333,147.9167,-13.72,99,100,3.85
118,Bluff,NZ,2021-11-29 19:55:43,-46.6,168.3333,56.8,79,100,9.37
119,Norman Wells,CA,2021-11-29 19:52:48,65.282,-126.8329,-21.96,69,20,5.75
120,Montrose,US,2021-11-29 19:59:05,38.4166,-108.2673,55.74,26,0,2.73
121,Marawi,PH,2021-11-29 19:59:06,7.9986,124.2928,65.64,94,92,2.04
122,Ketchikan,US,2021-11-29 19:59:06,55.3422,-131.6461,35.17,83,100,5.5
123,Irbit,RU,2021-11-29 19:54:08,57.6705,63.071,32.49,93,100,6.44
124,Port Alfred,ZA,2021-11-29 19:54:11,-33.5906,26.891,67.55,87,84,7.92
125,Touros,BR,2021-11-29 19:58:01,-5.1989,-35.4608,85.1,72,10,13.44
126,Yamada,JP,2021-11-29 19:59:07,39.4667,141.95,44.28,81,100,6.44
127,Nouadhibou,MR,2021-11-29 19:56:57,20.931,-17.0347,66.18,68,66,20.71
128,Sulina,RO,2021-11-29 19:59:07,45.1559,29.6536,49.96,76,100,9.62
129,Quatre Cocos,MU,2021-11-29 19:59:08,-20.2078,57.7625,74.08,67,0,6.73
130,Kailua,US,2021-11-29 19:59:08,21.4022,-157.7394,77.14,74,50,22.59
131,Cairo,EG,2021-11-29 19:54:38,30.0626,31.2497,72.36,43,36,2.3
132,Wad Madani,SD,2021-11-29 19:59:09,14.4012,33.5199,85.64,25,4,10.98
133,Mvuma,ZW,2021-11-29 19:59:09,-19.2792,30.5283,73.2,35,14,10.27
134,Raipur,IN,2021-11-29 19:59:10,21.2333,81.6333,62.26,46,27,3.98
135,Lagoa,PT,2021-11-29 19:59:10,39.05,-27.9833,60.78,56,68,2.91
136,Chipinge,ZW,2021-11-29 19:59:11,-20.1883,32.6236,64.45,65,1,5.37
137,Bambanglipuro,ID,2021-11-29 19:59:11,-7.95,110.2833,75.16,86,98,2.39
138,Hilo,US,2021-11-29 19:55:42,19.7297,-155.09,72.63,87,15,1.01
139,Nabire,ID,2021-11-29 20:00:12,-3.3667,135.4833,76.42,91,100,3.98
140,Constitucion,CL,2021-11-29 20:00:12,-35.3333,-72.4167,64.11,64,8,19.44
141,Chapais,CA,2021-11-29 20:00:13,49.7834,-74.8492,19.18,85,100,3.62
142,Salalah,OM,2021-11-29 19:56:40,17.0151,54.0924,75.36,39,0,10.22
143,Katsuura,JP,2021-11-29 19:57:21,35.1333,140.3,46.51,75,63,12.48
144,Kieta,PG,2021-11-29 20:00:13,-6.2167,155.6333,80.08,84,100,3.09
145,Fortuna,US,2021-11-29 20:00:14,40.5982,-124.1573,63.93,71,1,3.0
146,Avarua,CK,2021-11-29 19:55:43,-21.2078,-159.775,78.85,61,20,10.36
147,Dingle,PH,2021-11-29 20:00:14,10.9995,122.6711,74.64,93,17,5.99
148,Egvekinot,RU,2021-11-29 20:00:15,66.3167,-179.1667,-7.33,76,100,3.78
149,Baykit,RU,2021-11-29 19:58:22,61.67,96.37,-0.67,98,100,3.24
150,Chupaca,PE,2021-11-29 20:00:15,-12.0667,-75.2833,62.47,52,54,4.27
151,Masterton,NZ,2021-11-29 20:00:16,-40.9597,175.6575,62.89,93,100,4.05
152,Iberia,US,2021-11-29 20:00:16,29.9502,-91.7507,68.05,45,0,4.83
153,Alta Gracia,AR,2021-11-29 20:00:17,-31.6529,-64.4283,82.72,27,0,8.21
154,Russell,US,2021-11-29 20:00:17,32.3502,-85.1999,58.05,30,2,8.72
155,Noumea,NC,2021-11-29 20:00:04,-22.2763,166.4572,80.01,99,16,8.5
156,Ambilobe,MG,2021-11-29 20:00:18,-13.2,49.05,75.25,83,23,6.22
157,College,US,2021-11-29 20:00:18,64.8569,-147.8028,-12.42,68,94,2.62
158,Lorengau,PG,2021-11-29 19:55:38,-2.0226,147.2712,82.08,78,100,7.61
159,Castanos,MX,2021-11-29 20:00:19,26.7833,-101.4167,67.59,49,75,4.61
160,Bonthe,SL,2021-11-29 19:58:15,7.5264,-12.505,81.16,78,100,6.8
161,Idil,TR,2021-11-29 20:00:19,37.3411,41.8895,53.31,61,56,5.37
162,Bredasdorp,ZA,2021-11-29 19:55:29,-34.5322,20.0403,60.28,60,25,11.1
163,Tura,IN,2021-11-29 19:57:48,25.5198,90.2201,59.14,76,26,4.5
164,Ixtapa,MX,2021-11-29 20:00:20,20.7,-105.2,89.29,40,0,6.73
165,Molchanovo,RU,2021-11-29 20:00:21,57.5817,83.7692,19.42,76,100,11.03
166,Xinzhi,CN,2021-11-29 20:00:21,36.4989,111.7047,35.46,33,0,15.5
167,Wladyslawowo,PL,2021-11-29 20:00:21,54.7909,18.4009,34.93,68,100,22.7
168,Taltal,CL,2021-11-29 19:58:27,-25.4,-70.4833,65.16,65,22,4.45
169,Copiapo,CL,2021-11-29 19:59:28,-27.3667,-70.3333,65.89,36,0,10.67
170,Iqaluit,CA,2021-11-29 20:00:22,63.7506,-68.5145,22.15,79,100,2.01
171,Oktyabrskoye,RU,2021-11-29 20:00:23,43.0645,44.7417,37.54,87,18,6.71
172,Provideniya,RU,2021-11-29 19:57:08,64.3833,-173.3,-4.99,87,3,8.84
173,Guamuchil,MX,2021-11-29 20:00:23,25.4667,-108.1,86.76,22,17,5.91
174,Mar Del Plata,AR,2021-11-29 19:56:58,-38.0023,-57.5575,66.22,91,75,18.01
175,Sitka,US,2021-11-29 20:00:24,57.0531,-135.33,35.74,83,100,7.23
176,Zhangye,CN,2021-11-29 20:00:24,38.9342,100.4517,28.0,20,0,4.23
177,Diego De Almagro,CL,2021-11-29 20:00:24,-26.3667,-70.05,78.51,17,0,13.71
178,Neiafu,TO,2021-11-29 20:00:25,-18.65,-173.9833,78.08,60,100,16.22
179,Itacarambi,BR,2021-11-29 20:00:25,-15.1022,-44.0919,78.24,77,95,2.48
180,Umm Kaddadah,SD,2021-11-29 20:00:26,13.6017,26.6876,79.48,33,40,11.45
181,Mount Gambier,AU,2021-11-29 20:00:26,-37.8333,140.7667,53.51,67,4,4.76
182,Indi,IN,2021-11-29 20:00:26,17.1667,75.9667,72.41,78,97,9.46
183,Gat,IL,2021-11-29 20:00:27,31.61,34.7642,77.4,33,48,8.23
184,Goderich,CA,2021-11-29 20:00:27,43.7501,-81.7165,35.91,70,100,12.08
185,Shu,KZ,2021-11-29 20:00:28,43.5983,73.7614,30.22,76,4,4.34
186,Puerto Ayora,EC,2021-11-29 19:55:36,-0.7393,-90.3518,80.56,80,81,10.54
187,Changde,CN,2021-11-29 20:00:21,29.0464,111.6783,48.29,45,10,1.39
188,Qaanaaq,GL,2021-11-29 19:55:34,77.484,-69.3632,7.52,63,100,7.49
189,Paracuru,BR,2021-11-29 20:01:29,-3.41,-39.0306,84.22,70,16,12.77
190,Sao Joao Da Ponte,BR,2021-11-29 20:01:29,-15.9292,-44.0078,80.33,71,80,2.21
191,Moose Factory,CA,2021-11-29 20:01:29,51.2585,-80.6094,19.38,79,90,11.5
192,Oktyabrskiy,RU,2021-11-29 20:01:30,54.4815,53.471,32.81,82,100,13.06
193,Navalmoral De La Mata,ES,2021-11-29 20:01:30,39.8916,-5.5406,46.22,73,1,0.83
194,Saint-Francois,FR,2021-11-29 20:01:31,46.4154,3.9054,35.47,89,90,3.44
195,Luderitz,NA,2021-11-29 19:57:43,-26.6481,15.1594,62.11,87,0,11.81
196,Nemuro,JP,2021-11-29 20:01:31,43.3236,145.575,44.8,84,31,6.73
197,Hamilton,US,2021-11-29 19:57:25,39.1834,-84.5333,45.77,36,54,1.99
198,Dinguiraye,GN,2021-11-29 20:01:32,11.3,-10.7167,77.25,25,37,1.36
199,Broome,US,2021-11-29 19:56:55,42.2506,-75.833,35.62,70,85,4.0
200,Westport,US,2021-11-29 20:00:22,41.1415,-73.3579,42.33,62,73,1.99
201,Camacha,PT,2021-11-29 20:01:33,33.0833,-16.3333,60.22,67,20,9.22
202,Tasiilaq,GL,2021-11-29 19:55:45,65.6145,-37.6368,20.05,94,100,10.98
203,Almaznyy,RU,2021-11-29 20:01:33,48.0448,40.045,60.94,61,100,24.47
204,Buala,SB,2021-11-29 20:01:34,-8.145,159.5921,81.55,80,100,5.53
205,Meulaboh,ID,2021-11-29 20:01:34,4.1363,96.1285,74.39,93,100,2.71
206,Fare,PF,2021-11-29 20:01:35,-16.7,-151.0167,80.71,77,100,14.38
207,Bathsheba,BB,2021-11-29 20:01:35,13.2167,-59.5167,81.46,70,96,15.79
208,Riyadh,SA,2021-11-29 19:52:49,24.6877,46.7219,62.74,28,0,6.55
209,Businga,CD,2021-11-29 19:59:11,3.3333,20.8833,73.47,78,95,1.59
210,Cherskiy,RU,2021-11-29 20:01:36,68.75,161.3,-14.96,97,100,6.22
211,Stovring,DK,2021-11-29 20:01:37,56.8854,9.8384,29.75,92,100,5.73
212,Alakurtti,RU,2021-11-29 20:01:37,66.9672,30.3491,0.63,99,100,1.74
213,Gold Coast,AU,2021-11-29 20:01:19,-28.0,153.4333,71.01,93,90,4.0
214,Mahebourg,MU,2021-11-29 19:52:47,-20.4081,57.7,74.25,83,20,3.44
215,Sao Filipe,CV,2021-11-29 19:58:45,14.8961,-24.4956,75.99,68,100,14.03
216,Longyearbyen,SJ,2021-11-29 20:01:38,78.2186,15.6401,8.44,78,33,21.85
217,Vestmanna,FO,2021-11-29 20:01:38,62.1564,-7.1664,34.72,69,75,9.22
218,Dikson,RU,2021-11-29 19:59:05,73.5069,80.5464,-14.17,96,100,17.2
219,Sibolga,ID,2021-11-29 20:01:39,1.7427,98.7792,75.06,88,98,2.3
220,Petropavlovsk-Kamchatskiy,RU,2021-11-29 20:01:39,53.0452,158.6483,16.39,79,90,11.18
221,Kedrovyy,RU,2021-11-29 20:01:40,56.1667,91.8167,25.21,88,99,6.69
222,Asau,RO,2021-11-29 20:01:40,46.4333,26.4,40.75,82,27,5.79
223,Joshimath,IN,2021-11-29 20:00:53,30.5667,79.5667,48.72,18,0,8.32
224,Anadyr,RU,2021-11-29 20:01:41,64.75,177.4833,1.0,84,100,1.99
225,Minden,DE,2021-11-29 20:01:41,52.2833,8.9167,37.89,89,75,6.91
226,Bilibino,RU,2021-11-29 20:01:42,68.0546,166.4372,-9.47,100,87,5.08
227,Bambous Virieux,MU,2021-11-29 19:57:25,-20.3428,57.7575,74.21,83,20,3.44
228,Kaabong,UG,2021-11-29 20:01:42,3.4836,34.1492,69.3,64,71,13.8
229,Aswan,EG,2021-11-29 20:01:43,24.0934,32.907,80.56,26,5,8.25
230,Dhidhdhoo,MV,2021-11-29 20:02:43,6.8833,73.1,79.99,81,99,16.08
231,Vidalia,US,2021-11-29 20:02:43,32.2177,-82.4135,60.8,31,1,0.0
232,Oga,IT,2021-11-29 20:02:44,46.4631,10.347,18.14,98,68,5.3
233,West Wendover,US,2021-11-29 20:02:44,40.7391,-114.0733,42.01,42,1,0.0
234,Airai,TL,2021-11-29 20:02:45,-8.9266,125.4092,61.43,83,100,1.59
235,Souillac,MU,2021-11-29 20:02:45,-20.5167,57.5167,74.35,70,1,6.44
236,Acapulco,MX,2021-11-29 20:02:45,16.8634,-99.8901,85.82,66,1,3.44
237,Senanga,ZM,2021-11-29 20:02:46,-16.1167,23.2667,74.95,63,100,2.77
238,Charlestown,AU,2021-11-29 20:02:46,-32.95,151.6667,68.83,95,100,1.01
239,Sorland,NO,2021-11-29 20:02:47,67.667,12.6934,30.06,54,100,3.11
240,Xichang,CN,2021-11-29 20:02:47,27.8964,102.2634,45.41,87,100,4.16
241,Kiunga,PG,2021-11-29 20:02:47,-6.1219,141.2906,72.84,100,98,0.47
242,Totesti,RO,2021-11-29 20:02:48,45.5667,22.8833,34.27,87,83,1.3
243,Burnie,AU,2021-11-29 20:02:48,-41.0667,145.9167,55.09,84,86,10.58
244,Deer Lake,CA,2021-11-29 19:59:20,49.1667,-57.4316,39.06,60,90,3.44
245,Kerman,IR,2021-11-29 20:02:49,30.2832,57.0788,55.51,38,91,2.1
246,Lovozero,RU,2021-11-29 20:02:49,68.005,35.0117,-1.23,94,100,3.33
247,Prince Rupert,CA,2021-11-29 20:02:50,54.3161,-130.3201,41.09,87,90,11.5
248,Ribeira Grande,PT,2021-11-29 20:02:50,38.5167,-28.7,57.6,77,20,4.61
249,Kurumkan,RU,2021-11-29 20:02:50,54.3,110.3,8.06,93,73,3.76
250,Kuryk,KZ,2021-11-29 20:02:51,43.2,51.65,48.94,48,0,13.09
251,Parkersburg,US,2021-11-29 20:02:51,39.2667,-81.5615,44.58,41,20,3.0
252,Dmitrovsk-Orlovskiy,RU,2021-11-29 20:02:52,52.505,35.1464,50.07,92,100,21.92
253,Palmer,US,2021-11-29 20:02:52,42.1584,-72.3287,38.57,55,40,1.99
254,Lata,PT,2021-11-29 19:59:09,40.1629,-8.3327,50.81,77,98,3.36
255,Brantford,CA,2021-11-29 20:02:30,43.1334,-80.2664,35.28,91,97,1.01
256,Ossora,RU,2021-11-29 20:02:53,59.2353,163.0719,15.64,85,100,4.76
257,Berlevag,NO,2021-11-29 19:58:55,70.8578,29.0864,17.55,73,100,26.46
258,Nioro,GM,2021-11-29 20:02:53,13.35,-15.75,82.83,24,88,7.92
259,Tual,ID,2021-11-29 20:02:54,-5.6667,132.75,83.39,71,100,2.28
260,Gamba,GA,2021-11-29 20:02:54,-2.65,10.0,78.01,89,100,5.93
261,Comodoro Rivadavia,AR,2021-11-29 20:02:54,-45.8667,-67.5,67.53,39,4,11.59
262,Henties Bay,NA,2021-11-29 20:01:42,-22.116,14.2845,59.86,92,0,7.0
263,Puerto Berrio,CO,2021-11-29 20:02:55,6.4916,-74.4033,90.36,55,98,2.84
264,Alofi,NU,2021-11-29 19:58:38,-19.0595,-169.9187,78.69,61,20,12.66
265,Brunswick,US,2021-11-29 20:02:55,41.2381,-81.8418,38.62,62,75,3.0
266,Zhigansk,RU,2021-11-29 20:02:56,66.7697,123.3711,-16.17,97,100,0.81
267,Varna,BG,2021-11-29 20:02:56,43.2167,27.9167,48.43,86,0,4.61
268,Marzuq,YE,2021-11-29 20:02:57,14.4,46.4667,64.02,37,0,4.7
269,Tessalit,ML,2021-11-29 20:02:57,20.1986,1.0114,74.89,22,1,11.65
270,Conde,BR,2021-11-29 20:02:57,-7.2597,-34.9075,80.78,69,34,12.37
271,Kabo,CF,2021-11-29 20:02:58,7.6994,18.629,80.8,28,100,2.75
272,Qeshm,IR,2021-11-29 20:02:58,26.9581,56.2719,69.67,67,0,7.27
273,Aklavik,CA,2021-11-29 19:55:31,68.2191,-135.0107,-18.4,69,20,4.61
274,Vestmannaeyjar,IS,2021-11-29 20:02:59,63.4427,-20.2734,36.18,94,100,37.45
275,Solwezi,ZM,2021-11-29 20:02:59,-12.1688,26.3894,66.61,65,88,1.9
276,Ancud,CL,2021-11-29 20:03:00,-41.8697,-73.8203,64.22,63,47,7.96
277,Manati,PR,2021-11-29 20:03:00,18.4275,-66.4921,87.37,83,50,6.29
278,Esperance,AU,2021-11-29 20:01:40,-33.8667,121.9,59.79,71,100,11.32
279,Yazman,PK,2021-11-29 20:04:00,29.1212,71.7446,65.03,29,0,6.22
280,Kangavar,IR,2021-11-29 20:04:01,34.5043,47.9653,49.15,56,0,1.9
281,Itarema,BR,2021-11-29 19:55:32,-2.9248,-39.9167,83.23,69,87,15.73
282,Chuy,UY,2021-11-29 20:04:01,-33.6971,-53.4616,65.08,92,100,20.51
283,Lisakovsk,KZ,2021-11-29 20:04:02,52.5369,62.4936,12.42,85,7,7.11
284,Cap-Aux-Meules,CA,2021-11-29 20:04:01,47.3821,-61.8597,33.85,100,90,17.27
285,Solnechnyy,RU,2021-11-29 20:04:02,50.7214,136.6319,8.92,94,100,5.57
286,Tuatapere,NZ,2021-11-29 19:59:04,-46.1333,167.6833,56.82,72,100,0.89
287,Port Lincoln,AU,2021-11-29 20:04:03,-34.7333,135.8667,64.96,59,57,9.35
288,Sanchor,IN,2021-11-29 20:04:04,24.7553,71.7722,72.84,42,99,6.58
289,Polunochnoye,RU,2021-11-29 20:04:04,60.8697,60.4153,30.42,80,97,9.31
290,Waynesville,US,2021-11-29 20:03:23,35.4887,-82.9887,48.24,35,11,4.25
291,High Level,CA,2021-11-29 20:04:05,58.5169,-117.136,14.76,88,63,0.43
292,Ishigaki,JP,2021-11-29 20:04:05,24.3448,124.1572,74.98,75,96,16.37
293,Muros,ES,2021-11-29 20:04:05,42.7762,-9.0603,51.84,94,100,4.21
294,Gay,RU,2021-11-29 20:04:06,51.4666,58.4552,10.67,86,21,2.86
295,Tianpeng,CN,2021-11-29 20:04:06,30.9866,103.9393,45.59,82,19,4.14
296,Kawalu,ID,2021-11-29 20:04:07,-7.3817,108.2082,71.91,94,97,1.39
297,Mimoso Do Sul,BR,2021-11-29 20:04:07,-21.0642,-41.3664,81.97,85,11,4.27
298,Bogorodskoye,RU,2021-11-29 20:04:07,56.55,37.8833,37.09,97,100,12.86
299,Kingsport,US,2021-11-29 20:04:08,36.5484,-82.5618,44.04,47,75,1.99
300,Lodja,CD,2021-11-29 20:04:08,-3.4833,23.4333,69.55,94,100,1.23
301,Majene,ID,2021-11-29 20:04:09,-3.5403,118.9707,77.29,84,100,3.87
302,Khani,GE,2021-11-29 20:04:09,41.9563,42.9566,54.97,59,45,8.93
303,Fukue,JP,2021-11-29 20:04:09,32.6881,128.8419,64.89,68,98,21.18
304,Grindavik,IS,2021-11-29 20:04:10,63.8424,-22.4338,32.47,100,90,10.36
305,Rincon,US,2021-11-29 20:04:10,32.296,-81.2354,62.85,37,20,5.75
306,Banda Aceh,ID,2021-11-29 20:04:11,5.5577,95.3222,76.46,88,100,5.01
307,Awbari,LY,2021-11-29 20:00:18,26.5921,12.7805,56.59,20,18,7.09
308,Port Hardy,CA,2021-11-29 20:04:11,50.6996,-127.4199,50.29,88,100,10.74
309,Weiser,US,2021-11-29 20:04:11,44.251,-116.9693,50.47,50,55,1.68
310,Dosso,NE,2021-11-29 20:04:12,13.049,3.1937,79.3,12,36,9.57
311,Black River,JM,2021-11-29 20:04:12,18.0264,-77.8487,82.98,59,96,4.43
312,Balkanabat,TM,2021-11-29 20:04:13,39.5108,54.3671,55.31,42,7,5.88
313,Pisco,PE,2021-11-29 20:04:13,-13.7,-76.2167,71.65,68,0,20.71
314,Saldanha,ZA,2021-11-29 20:04:13,-33.0117,17.9442,62.08,83,28,6.82
315,Muncar,ID,2021-11-29 20:04:14,-8.4333,114.3333,74.57,87,100,1.66
316,Olafsvik,IS,2021-11-29 20:00:18,64.8945,-23.7142,30.54,95,100,15.32
317,Carutapera,BR,2021-11-29 20:04:14,-1.195,-46.02,79.03,89,100,6.62
318,Eyl,SO,2021-11-29 19:59:22,7.9803,49.8164,77.32,70,34,18.45
319,Santa Cruz,BO,2021-11-29 20:04:15,-17.8,-63.1667,78.85,61,75,5.75
320,Birjand,IR,2021-11-29 20:04:15,32.8663,59.2211,50.67,47,0,3.98
321,Pafos,CY,2021-11-29 20:04:16,34.7667,32.4167,67.91,52,0,8.05
322,Hvide Sande,DK,2021-11-29 20:04:16,56.0045,8.1294,32.29,71,100,14.79
323,Rudnichnyy,RU,2021-11-29 20:04:16,59.617,52.4703,31.3,99,100,5.03
324,Tokur,RU,2021-11-29 20:04:17,53.1333,132.9,-3.06,99,100,2.95
325,Nikolskoye,RU,2021-11-29 20:04:15,59.7035,30.7861,25.39,95,100,10.71
326,Diu,IN,2021-11-29 20:05:17,20.7141,70.9822,73.87,46,79,11.88
327,Adrar,MR,2021-11-29 20:05:18,20.5022,-10.0711,66.0,23,48,10.51
328,Gijon,ES,2021-11-29 20:01:55,43.5357,-5.6615,52.84,91,100,4.0
329,Peleduy,RU,2021-11-29 20:05:18,59.6289,112.7406,11.07,94,100,5.88
330,Mundo Nuevo,MX,2021-11-29 20:05:19,18.7,-95.5,74.93,74,100,23.02
331,Atar,MR,2021-11-29 20:05:19,20.5169,-13.0499,67.1,24,5,10.0
332,Srivardhan,IN,2021-11-29 20:05:19,18.0333,73.0167,78.71,69,100,4.52
333,Deputatskiy,RU,2021-11-29 20:05:20,69.3,139.9,-14.19,97,100,4.61
334,Mayo,US,2021-11-29 20:05:20,38.8876,-76.5119,46.04,50,90,11.99
335,North Bend,US,2021-11-29 20:05:21,43.4065,-124.2243,60.71,88,40,3.44
336,Kashira,RU,2021-11-29 20:05:21,54.8444,38.1669,39.54,98,100,15.79
337,Chicama,PE,2021-11-29 20:05:21,-7.8447,-79.1469,64.94,64,99,9.98
338,Svetlyy,RU,2021-11-29 20:05:22,54.675,20.1347,37.45,76,100,17.18
339,Aykhal,RU,2021-11-29 20:05:23,66.0,111.5,-26.64,100,97,4.76
340,Isangel,VU,2021-11-29 20:05:23,-19.55,169.2667,80.98,74,9,3.91
341,Graaff-Reinet,ZA,2021-11-29 20:05:23,-32.2522,24.5308,66.92,62,26,6.71
342,Djibo,BF,2021-11-29 20:05:24,14.1022,-1.6306,82.83,11,93,8.7
343,Barreirinhas,BR,2021-11-29 20:05:25,-2.7469,-42.8264,84.43,65,77,10.71
344,Mildura,AU,2021-11-29 20:01:09,-34.2,142.15,66.07,67,0,5.55
345,Rock Sound,BS,2021-11-29 20:05:25,24.9,-76.2,75.13,67,91,11.95
346,Three Hills,CA,2021-11-29 20:05:26,51.7001,-113.2686,51.48,59,42,3.06
347,Hofn,IS,2021-11-29 20:05:26,64.2539,-15.2082,26.62,83,100,10.36
348,Kilmallock,IE,2021-11-29 20:05:26,52.4,-8.5772,48.16,95,57,4.0
349,Mocuba,MZ,2021-11-29 20:05:27,-16.8392,36.9856,68.47,73,3,2.73
350,San Carlos De Bariloche,AR,2021-11-29 20:05:27,-41.1456,-71.3082,73.15,23,20,20.71
351,Morros,BR,2021-11-29 20:05:28,-9.4467,-46.3003,80.91,71,98,3.42
352,Hasaki,JP,2021-11-29 20:05:28,35.7333,140.8333,36.0,61,19,4.0
353,Cockburn Town,TC,2021-11-29 20:05:28,21.4612,-71.1419,82.36,61,75,23.02
354,Shimoda,JP,2021-11-29 20:05:29,34.6667,138.95,48.11,71,17,8.75
355,Karratha,AU,2021-11-29 20:05:29,-20.7377,116.8463,80.62,65,5,10.0
356,Victoria,HK,2021-11-29 19:54:02,22.2855,114.1577,72.32,69,0,1.01
357,Saint Andrews,US,2021-11-29 20:05:30,34.0454,-81.1293,56.71,24,20,5.75
358,Mwinilunga,ZM,2021-11-29 20:05:30,-11.7358,24.4293,63.75,95,99,3.56
359,Viedma,AR,2021-11-29 20:05:30,-40.8135,-62.9967,73.36,26,0,16.96
360,Puri,IN,2021-11-29 20:05:31,19.8,85.85,61.32,59,3,6.69
361,Toktogul,KG,2021-11-29 20:05:31,41.8708,72.9402,34.03,41,4,3.0
362,Namikupa,TZ,2021-11-29 20:05:32,-10.8333,39.6,70.57,96,21,3.24
363,Dudinka,RU,2021-11-29 20:05:32,69.4058,86.1778,-15.9,97,100,5.61
364,Labuhan,ID,2021-11-29 20:05:33,-6.8844,112.2051,77.67,85,100,7.56
365,Onda,ES,2021-11-29 20:05:33,39.9667,-0.25,58.03,63,88,5.68
366,Dzerzhinskoye,RU,2021-11-29 20:05:33,56.8344,95.2283,25.3,82,100,9.1
367,Okmulgee,US,2021-11-29 20:01:43,35.6234,-95.9605,72.32,30,1,13.8
368,Komsomolskiy,UZ,2021-11-29 20:05:34,40.4272,71.7189,36.82,38,10,1.41
369,Colesberg,ZA,2021-11-29 20:05:34,-30.72,25.0972,71.73,18,0,7.4
370,Mehamn,NO,2021-11-29 20:06:35,71.0357,27.8492,17.51,73,71,25.32
371,Naisud,PH,2021-11-29 20:06:35,11.8058,122.1939,77.61,87,95,4.81
372,Vao,NC,2021-11-29 20:06:36,-22.6667,167.4833,76.19,90,90,15.68
373,Ucluelet,CA,2021-11-29 20:06:36,48.9329,-125.5528,52.09,94,98,1.01
374,Bethel,US,2021-11-29 20:06:36,41.3712,-73.414,39.99,67,75,1.01
375,Ngunguru,NZ,2021-11-29 20:06:37,-35.6167,174.5,70.16,70,11,1.25
376,Saint-Georges,GD,2021-11-29 20:06:37,12.0564,-61.7485,85.68,66,40,16.11
377,Litovko,RU,2021-11-29 20:06:38,49.2361,135.1742,7.02,95,100,3.58
378,Kamenka,RU,2021-11-29 20:06:38,51.3223,42.7678,45.75,88,100,27.92
379,Paamiut,GL,2021-11-29 20:06:38,61.994,-49.6678,32.88,97,100,34.56
380,Vrangel,RU,2021-11-29 20:06:39,42.7297,133.0839,37.17,65,100,5.84
381,Diffa,NE,2021-11-29 20:06:39,13.3154,12.6113,79.3,12,97,9.22
382,Buin,CL,2021-11-29 20:06:40,-33.7333,-70.75,87.06,14,0,13.89
383,Fairbanks,US,2021-11-29 20:05:00,64.8378,-147.7164,-12.41,67,75,0.0
384,Ranir Bazar,IN,2021-11-29 20:06:40,23.8333,91.3667,60.98,74,8,3.78
385,Skibbereen,IE,2021-11-29 20:06:41,51.55,-9.2667,48.0,85,21,7.7
386,Nome,US,2021-11-29 20:06:41,64.5011,-165.4064,-18.33,69,1,4.61
387,Rantepao,ID,2021-11-29 20:06:42,-2.9701,119.8978,66.7,96,100,1.9
388,Aldergrove,CA,2021-11-29 20:06:42,49.058,-122.4709,55.02,95,90,1.99
389,Phalaborwa,ZA,2021-11-29 20:06:43,-23.943,31.1411,81.99,39,4,4.92
390,Torres,BR,2021-11-29 20:04:22,-29.3353,-49.7269,81.82,53,32,4.16
391,Pacific Grove,US,2021-11-29 20:06:43,36.6177,-121.9166,76.8,59,1,1.99
392,Shwebo,MM,2021-11-29 20:06:44,22.5667,95.7,64.13,80,97,6.11
393,Yashalta,RU,2021-11-29 20:06:44,46.3395,42.2762,55.38,55,100,14.72
394,Springdale,US,2021-11-29 20:06:45,36.1867,-94.1288,66.27,37,1,13.0
395,Poya,NC,2021-11-29 20:06:45,-21.35,165.15,80.6,74,6,5.19
396,Yuncheng,CN,2021-11-29 20:03:45,35.0231,110.9928,33.73,52,0,8.55
397,Bengkulu,ID,2021-11-29 20:03:18,-3.8004,102.2655,75.38,88,98,9.8
398,Plettenberg Bay,ZA,2021-11-29 20:06:46,-34.0527,23.3716,62.51,83,63,5.03
399,Alyangula,AU,2021-11-29 20:06:46,-13.8483,136.4192,83.23,68,18,2.21
400,Biak,ID,2021-11-29 20:06:46,-0.9131,122.8766,75.65,85,100,2.24
401,Bubaque,GW,2021-11-29 20:06:47,11.2833,-15.8333,83.26,65,61,11.03
402,Shubarshi,KZ,2021-11-29 20:06:47,48.5872,57.1869,18.27,87,5,5.68
403,Linjiang,CN,2021-11-29 20:06:48,41.8069,126.9078,32.79,98,100,3.69
404,Dahanu,IN,2021-11-29 20:06:48,19.9667,72.7333,76.32,55,100,6.26
405,Yuancheng,CN,2021-11-29 20:06:48,36.652,107.7896,26.35,33,0,7.87
406,Linden,GY,2021-11-29 20:04:45,6.0,-58.3,87.94,91,98,3.67
407,Zarubino,RU,2021-11-29 20:06:49,42.63,131.0922,33.31,78,100,12.46
408,Kavaratti,IN,2021-11-29 20:06:49,10.5669,72.642,81.84,78,91,13.2
409,Nicoya,CR,2021-11-29 20:06:50,10.1483,-85.452,83.75,72,100,17.78
410,Palauig,PH,2021-11-29 20:06:50,15.435,119.9045,79.93,80,96,5.06
411,Ust-Nera,RU,2021-11-29 20:06:51,64.5667,143.2,-15.66,99,100,2.77
412,Dubbo,AU,2021-11-29 20:06:51,-32.25,148.6167,62.73,88,40,11.5
413,Chingirlau,KZ,2021-11-29 20:06:52,51.095,54.0814,25.83,72,81,8.9
414,Terekli-Mekteb,RU,2021-11-29 20:07:52,44.1671,45.8698,48.31,91,33,13.8
415,Zehdenick,DE,2021-11-29 20:07:52,52.9785,13.3317,38.08,78,62,7.45
416,Lewistown,US,2021-11-29 20:04:32,40.5992,-77.5714,41.4,61,75,8.05
417,Chenghai,CN,2021-11-29 20:07:53,23.4632,116.768,66.11,68,15,7.14
418,Ostrovnoy,RU,2021-11-29 20:07:53,68.0531,39.5131,6.66,77,77,5.7
419,Ponta Delgada,PT,2021-11-29 20:07:54,37.7333,-25.6667,61.5,67,40,4.61
420,Yaan,NG,2021-11-29 20:07:54,7.3833,8.5667,83.26,30,16,0.94
421,Pathein,MM,2021-11-29 20:07:55,16.7833,94.7333,72.27,89,100,4.7
422,Itaituba,BR,2021-11-29 20:07:55,-4.2761,-55.9836,87.12,61,99,1.48
423,Okha,RU,2021-11-29 20:07:55,53.5739,142.9478,16.75,84,86,16.64
424,Olinda,BR,2021-11-29 20:07:56,-8.0089,-34.8553,83.93,70,40,9.22
425,Maltahohe,NA,2021-11-29 20:07:56,-24.8333,16.9833,68.27,28,0,15.1
426,Maridi,SS,2021-11-29 20:07:57,4.9158,29.4742,70.3,83,86,1.05
427,Nowy Dwor Mazowiecki,PL,2021-11-29 20:07:57,52.4302,20.7165,37.38,96,90,13.8
428,Ta Khmau,KH,2021-11-29 20:07:58,11.4833,104.95,75.25,94,75,9.22
429,Shingu,JP,2021-11-29 20:07:58,33.7333,135.9833,51.35,82,77,3.58
430,Sakakah,SA,2021-11-29 20:07:58,29.9697,40.2064,66.27,29,100,4.16
431,Kruisfontein,ZA,2021-11-29 20:07:59,-34.0033,24.7314,58.89,83,2,3.71
432,Capanema,BR,2021-11-29 20:07:59,-1.1958,-47.1808,80.89,80,98,6.93
433,Beloha,MG,2021-11-29 20:07:59,-25.1667,45.05,68.88,81,1,13.13
434,Padang,ID,2021-11-29 20:08:00,-0.9492,100.3543,75.96,87,69,3.94
435,Jacobina,BR,2021-11-29 20:08:00,-11.1806,-40.5183,77.56,70,95,1.86
436,Beipiao,CN,2021-11-29 20:08:01,41.7919,120.7792,26.04,82,94,2.73
437,Cidreira,BR,2021-11-29 20:08:01,-30.1811,-50.2056,78.26,56,33,12.5
438,Klaksvik,FO,2021-11-29 20:06:13,62.2266,-6.589,36.52,75,100,23.91
439,Natagaima,CO,2021-11-29 20:08:02,3.6206,-75.0941,85.98,64,83,2.17
440,Manggar,ID,2021-11-29 20:07:20,-2.8833,108.2667,78.51,82,52,3.49
441,Dunedin,NZ,2021-11-29 20:04:20,-45.8742,170.5036,59.61,56,58,5.61
442,Kalmunai,LK,2021-11-29 20:08:02,7.4167,81.8167,76.69,88,8,2.98
443,Arak,IR,2021-11-29 20:08:03,34.0917,49.6892,47.34,59,0,2.46
444,San Cristobal,VE,2021-11-29 20:08:03,7.7669,-72.225,80.78,63,97,6.06
445,Cobourg,DE,2021-11-29 20:08:04,50.2667,10.9667,35.78,91,79,1.99
446,Laguna,US,2021-11-29 20:08:04,38.421,-121.4238,73.35,66,1,3.0
447,Qaqortoq,GL,2021-11-29 20:08:04,60.7167,-46.0333,34.3,98,100,16.33
448,Outlook,CA,2021-11-29 20:08:05,51.5001,-107.0513,34.7,89,100,5.23
449,Tabira,BR,2021-11-29 20:08:05,-7.5908,-37.5394,90.12,27,99,3.98
450,Selimpasa,TR,2021-11-29 20:08:05,41.0558,28.379,57.49,66,76,29.1
451,Oksfjord,NO,2021-11-29 20:08:06,70.2396,22.3479,21.38,79,13,11.48
452,Farmington,US,2021-11-29 20:04:09,36.7281,-108.2187,61.86,33,1,4.61
453,Hambantota,LK,2021-11-29 20:08:06,6.1241,81.1185,77.63,85,83,4.68
454,Coquimbo,CL,2021-11-29 20:08:07,-29.9533,-71.3436,64.13,72,40,13.8
455,Troitskoye,RU,2021-11-29 20:08:07,52.9821,84.6757,10.74,96,85,3.62
456,Piacabucu,BR,2021-11-29 20:03:18,-10.4056,-36.4344,81.72,74,77,14.63
457,Teruel,ES,2021-11-29 20:08:08,40.6667,-0.6667,51.76,94,98,21.05
458,Lianzhou,CN,2021-11-29 20:08:08,24.7811,112.3825,54.48,81,73,8.95
459,Zabol,AF,2021-11-29 20:08:08,32.25,67.25,39.96,39,100,1.28
460,Geraldton,AU,2021-11-29 20:08:09,-28.7667,114.6,66.61,68,90,18.41
461,Kerema,PG,2021-11-29 20:08:09,-7.9631,145.7785,78.24,84,100,4.0
462,High Prairie,CA,2021-11-29 20:08:10,55.4334,-116.4858,29.57,76,56,1.81
463,Kutum,SD,2021-11-29 20:08:10,14.2,24.6667,72.32,29,98,9.95
464,Iguape,BR,2021-11-29 20:09:10,-24.7081,-47.5553,77.76,81,43,8.84
465,Burayevo,RU,2021-11-29 20:09:11,55.8407,55.4083,32.14,92,100,13.0
466,Huarmey,PE,2021-11-29 20:09:11,-10.0681,-78.1522,71.78,75,50,11.68
467,Sterling,US,2021-11-29 20:08:15,39.0062,-77.4286,46.49,52,75,1.99
468,Rosetown,CA,2021-11-29 20:09:12,51.5501,-108.0014,40.98,62,99,7.63
469,Jabinyanah,TN,2021-11-29 20:09:12,35.035,10.9081,53.62,57,74,21.18
470,Bayir,TR,2021-11-29 20:09:13,37.2687,28.2167,63.12,95,100,8.19
471,Namatanai,PG,2021-11-29 20:09:13,-3.6667,152.4333,80.76,80,99,11.59
472,Nizhniy Tsasuchey,RU,2021-11-29 20:09:13,50.5167,115.1333,8.8,89,92,7.25
473,Kathmandu,NP,2021-11-29 20:04:17,27.7167,85.3167,48.42,93,20,3.44
474,Sakaiminato,JP,2021-11-29 20:09:14,35.55,133.2333,52.25,75,1,10.0
475,East Retford,GB,2021-11-29 20:08:21,53.3221,-0.9432,43.66,91,40,9.22
476,Amapa,BR,2021-11-29 20:09:14,1.0,-52.0,84.74,65,100,5.21
477,Carbonia,IT,2021-11-29 20:09:15,39.1672,8.5222,43.0,58,50,23.94
478,Tateyama,JP,2021-11-29 20:09:15,34.9833,139.8667,46.42,64,40,15.28
479,Kindersley,CA,2021-11-29 20:05:40,51.4668,-109.1682,37.09,73,100,7.18
480,Attingal,IN,2021-11-29 20:09:16,8.6833,76.8333,78.48,92,97,5.23
481,Roald,NO,2021-11-29 20:09:16,62.5833,6.1333,37.54,65,75,21.85
482,Margate,GB,2021-11-29 20:07:57,51.3813,1.3862,38.03,75,58,1.01
483,Portobelo,PA,2021-11-29 20:09:17,9.55,-79.65,86.07,77,97,12.5
484,Razdolnoye,RU,2021-11-29 20:09:17,43.55,131.9167,25.21,74,100,7.11
485,Mashhad,IR,2021-11-29 20:08:49,36.297,59.6062,46.54,57,0,4.61
486,Nelson Bay,AU,2021-11-29 20:09:18,-32.7167,152.15,69.1,90,100,8.16
487,Dodola,ET,2021-11-29 20:09:18,6.9833,39.1833,51.4,60,42,5.28
488,Kudahuvadhoo,MV,2021-11-29 20:09:18,2.6708,72.8944,82.2,74,93,16.04
489,Kishtwar,IN,2021-11-29 20:09:19,33.3167,75.7667,42.8,36,100,5.21
490,Sibu,MY,2021-11-29 20:09:19,2.3,111.8167,73.67,94,100,0.85
491,Kattivakkam,IN,2021-11-29 20:09:20,13.2167,80.3167,80.08,95,100,10.09
492,Matale,LK,2021-11-29 20:09:20,7.4721,80.6234,70.5,98,91,1.32
493,Vardo,NO,2021-11-29 20:09:20,70.3705,31.1107,21.18,86,75,20.71
494,Piranhas,BR,2021-11-29 20:09:21,-16.4269,-51.8222,82.87,73,97,3.78
495,Viru,PE,2021-11-29 20:09:21,-8.4167,-78.75,65.5,63,100,10.02
496,Neuquen,AR,2021-11-29 20:09:17,-38.9516,-68.0591,84.43,11,20,11.7
497,Bom Jesus,BR,2021-11-29 20:09:22,-9.0744,-44.3586,83.71,61,96,2.3
498,Port Augusta,AU,2021-11-29 20:09:22,-32.5,137.7667,67.71,39,4,1.43
499,Daru,PG,2021-11-29 20:09:16,-9.0763,143.2092,80.08,85,71,6.87
500,Snasa,NO,2021-11-29 20:09:23,64.2457,12.3778,20.61,81,88,6.06
501,Naryan-Mar,RU,2021-11-29 20:09:23,67.6713,53.087,8.8,96,97,8.75
502,Ola,RU,2021-11-29 20:09:24,59.5833,151.2833,3.96,91,100,12.91
503,Labrea,BR,2021-11-29 20:09:24,-7.2586,-64.7981,84.22,71,100,1.95
504,Togur,RU,2021-11-29 20:09:25,58.3631,82.8265,20.39,78,98,11.95
505,Mogadishu,SO,2021-11-29 20:09:25,2.0371,45.3438,81.1,79,15,16.37
506,Kawai,JP,2021-11-29 20:09:26,34.2333,135.85,40.35,91,3,4.59
507,Healesville,AU,2021-11-29 20:09:26,-37.65,145.5167,64.02,73,3,2.77
508,Whitehorse,CA,2021-11-29 20:10:27,60.7161,-135.0538,10.09,93,100,2.93
509,Boa Viagem,BR,2021-11-29 20:10:27,-5.1275,-39.7322,92.23,30,25,6.78
510,Srednekolymsk,RU,2021-11-29 20:10:27,67.45,153.6833,-19.59,98,100,4.94
511,Asyut,EG,2021-11-29 20:10:28,27.181,31.1837,75.49,15,6,2.1
512,Barao De Melgaco,BR,2021-11-29 20:10:28,-16.1944,-55.9675,88.32,68,97,6.24
513,San Eugenio,PH,2021-11-29 20:10:29,16.3598,120.357,79.3,83,100,3.94
514,San Pedro,PH,2021-11-29 20:10:29,14.35,121.0167,80.31,86,100,3.58
515,Aulum,DK,2021-11-29 20:10:29,56.2649,8.787,33.69,91,100,6.64
516,Vuktyl,RU,2021-11-29 20:10:30,63.8567,57.3094,2.97,98,97,4.32
517,Lingao,CN,2021-11-29 20:09:35,19.9103,109.6859,68.95,71,100,6.31
518,Yeniseysk,RU,2021-11-29 20:10:30,58.4497,92.1703,19.74,90,100,7.54
519,Miles City,US,2021-11-29 20:10:31,46.4083,-105.8406,59.5,38,1,8.05
520,Bulgan,MN,2021-11-29 20:10:31,48.8125,103.5347,9.18,85,87,3.74
521,Kyrylivka,UA,2021-11-29 20:10:31,46.3759,35.3675,52.75,85,100,24.96
522,Puerto Carreno,CO,2021-11-29 20:10:32,6.189,-67.4859,92.64,43,62,9.44
523,Kaitangata,NZ,2021-11-29 20:08:28,-46.2817,169.8464,60.93,64,100,5.68
524,Moroto,UG,2021-11-29 20:10:32,2.5345,34.6666,71.74,60,60,12.12
525,Pittsburg,US,2021-11-29 20:06:30,38.028,-121.8847,70.18,62,1,1.01
526,Tiznit,MA,2021-11-29 20:10:33,29.5833,-9.5,58.19,41,0,1.48
527,Araouane,ML,2021-11-29 20:10:33,18.9048,-3.5265,74.57,23,2,11.68
528,Guerrero Negro,MX,2021-11-29 20:06:54,27.9769,-114.0611,78.58,30,0,5.41
529,Yerbogachen,RU,2021-11-29 20:10:34,61.2767,108.0108,-1.59,97,100,6.58
530,Darnah,LY,2021-11-29 20:10:34,32.767,22.6367,64.13,58,100,16.53
531,Beberibe,BR,2021-11-29 20:10:35,-4.1797,-38.1306,86.16,72,14,11.52
532,Khorixas,NA,2021-11-29 20:10:35,-20.3667,14.9667,71.96,22,10,9.89
533,Yingcheng,CN,2021-11-29 20:10:35,30.95,113.55,45.03,42,0,6.04
534,Busayra,JO,2021-11-29 20:10:36,30.7376,35.6078,63.54,25,76,8.08
535,Ratnagiri,IN,2021-11-29 20:10:36,16.9833,73.3,77.04,81,100,7.09
536,Paita,PE,2021-11-29 20:08:33,-5.0892,-81.1144,75.76,72,62,18.07
537,Benghazi,LY,2021-11-29 20:10:37,32.1167,20.0667,65.44,45,100,21.39
538,Bilma,NE,2021-11-29 20:10:37,18.6853,12.9164,78.03,15,97,11.74
539,Houma,US,2021-11-29 20:10:38,29.5958,-90.7195,66.2,54,1,5.75
540,Qandala,SO,2021-11-29 20:10:38,11.472,49.8728,78.6,51,32,2.64
541,Avera,US,2021-11-29 20:10:08,33.194,-82.5271,58.51,31,0,4.92
542,Borogontsy,RU,2021-11-29 20:10:39,62.6683,131.1683,-14.51,99,99,1.43
543,Phulabani,IN,2021-11-29 20:10:39,20.4667,84.2333,58.57,59,88,2.73
544,Darapidap,PH,2021-11-29 20:10:39,17.2131,120.4114,76.66,86,100,3.91
545,Sola,VU,2021-11-29 20:10:40,-13.8833,167.55,82.17,74,100,11.5
546,Simplicio Mendes,BR,2021-11-29 20:10:40,-7.8539,-41.9103,90.72,36,85,3.62
547,Kununurra,AU,2021-11-29 20:09:47,-15.7667,128.7333,75.18,78,13,0.0
548,Maldonado,UY,2021-11-29 20:10:41,-34.6667,-54.9167,66.22,96,100,24.83
549,Kontagora,NG,2021-11-29 20:10:41,10.3999,5.4695,79.16,20,98,3.71
550,Sayyan,YE,2021-11-29 20:10:41,15.1718,44.3244,48.56,49,0,4.99
551,Tecoanapa,MX,2021-11-29 20:10:42,16.5167,-98.75,83.19,64,5,8.9
552,Albanel,CA,2021-11-29 20:10:42,48.8832,-72.4487,22.17,78,63,0.83
553,Narsaq,GL,2021-11-29 20:10:43,60.9167,-46.05,34.02,99,100,9.53
554,Umm Lajj,SA,2021-11-29 20:10:43,25.0213,37.2685,83.53,43,0,3.31
555,Nanhai,CN,2021-11-29 20:10:43,30.1282,111.7784,46.26,44,0,2.48
556,Uvat,RU,2021-11-29 20:10:44,59.1433,68.8953,22.87,97,96,7.7
557,Trairi,BR,2021-11-29 20:10:07,-3.2778,-39.2689,83.1,70,33,12.01
558,Itarare,BR,2021-11-29 20:11:44,-24.1125,-49.3317,77.83,73,66,8.63
559,Bonavista,CA,2021-11-29 20:11:45,48.6499,-53.1147,43.12,83,89,9.28
560,Christchurch,NZ,2021-11-29 20:10:31,-43.5333,172.6333,59.92,91,75,4.0
561,Beringovskiy,RU,2021-11-29 20:11:45,63.05,179.3167,6.3,95,100,7.99
562,Gurlan,UZ,2021-11-29 20:11:46,41.8447,60.3919,35.51,54,19,8.77
563,Alta Floresta,BR,2021-11-29 20:11:46,-9.8756,-56.0861,78.82,91,100,2.28
564,Bang Saphan,TH,2021-11-29 20:11:47,11.2126,99.5117,78.03,80,100,11.99
565,Laem Sing,TH,2021-11-29 20:11:47,12.4816,102.0738,81.14,81,100,11.77
566,Las Vegas,US,2021-11-29 20:07:04,36.175,-115.1372,73.62,17,1,0.0
567,Tomatlan,MX,2021-11-29 20:11:47,19.9333,-105.25,90.28,37,1,7.29
568,Terrace,CA,2021-11-29 20:11:48,54.5163,-128.6035,31.91,100,90,4.61
569,Matagami,CA,2021-11-29 20:10:45,49.7502,-77.6328,21.81,92,100,4.9
570,Madang,PG,2021-11-29 20:11:49,-5.2246,145.7966,76.17,91,95,4.52
571,Rio Grande,BR,2021-11-29 20:11:07,-32.035,-52.0986,78.91,71,92,20.74
572,Lafayette,US,2021-11-29 20:11:49,30.2335,-92.0668,66.97,41,1,1.99
573,Mahibadhoo,MV,2021-11-29 20:11:50,3.7833,72.9667,82.11,78,100,15.39
574,Batticaloa,LK,2021-11-29 20:11:50,7.7102,81.6924,77.36,87,78,4.38
575,Yumen,CN,2021-11-29 20:11:50,40.2833,97.2,18.3,48,0,5.86
576,Batagay-Alyta,RU,2021-11-29 20:11:51,67.8006,130.4114,-23.17,97,97,3.8
577,Osmena,PH,2021-11-29 20:11:51,10.5208,119.9258,81.59,77,45,8.08
578,Boone,US,2021-11-29 20:11:52,39.0334,-92.3335,63.66,63,12,1.01
