City_ID,City,Country,Date,Lat,Lng,Max Temp,Humidity,Cloudiness,Wind Speed,Current Description,Rain inches (last 3 hrs),Snow inches (last 3 hrs)
0,lagoa,PT,2021-11-30 06:13:52,39.05,-27.9833,60.01,67,30,7.05,scattered clouds,0.0,0
1,torbay,CA,2021-11-30 06:13:52,47.6666,-52.7314,51.28,95,90,21.85,overcast clouds,0.0,0
2,skjervoy,NO,2021-11-30 06:13:53,70.0311,20.9714,15.8,72,66,18.19,broken clouds,0.0,0
3,east london,ZA,2021-11-30 06:10:44,-33.0153,27.9116,67.3,94,100,11.7,light rain,0.0,0
4,codrington,AU,2021-11-30 06:13:54,-38.2667,141.9667,75.42,36,10,10.92,clear sky,0.0,0
5,watsa,CD,2021-11-30 06:13:54,3.0372,29.5355,69.17,89,95,1.63,overcast clouds,0.0,0
6,presidencia roque saenz pena,AR,2021-11-30 06:08:57,-26.7852,-60.4388,63.45,70,0,4.38,clear sky,0.0,0
7,port alfred,ZA,2021-11-30 06:13:55,-33.5906,26.891,65.52,89,100,15.05,light rain,0.0,0
8,punta arenas,CL,2021-11-30 06:13:55,-53.15,-70.9167,46.51,76,75,9.22,broken clouds,0.0,0
9,santiago del estero,AR,2021-11-30 06:11:25,-27.7951,-64.2615,63.81,49,0,7.45,clear sky,0.0,0
10,ostrovnoy,RU,2021-11-30 06:13:56,68.0531,39.5131,15.93,89,100,6.2,overcast clouds,0.0,0
11,cape town,ZA,2021-11-30 06:13:56,-33.9258,18.4232,68.11,82,69,1.23,light rain,0.0,0
12,ushuaia,AR,2021-11-30 06:13:24,-54.8,-68.3,42.46,75,40,8.05,scattered clouds,0.0,0
13,ponta do sol,PT,2021-11-30 06:13:57,32.6667,-17.1,62.71,69,45,3.71,scattered clouds,0.0,0
14,laguna,US,2021-11-30 06:13:57,38.421,-121.4238,62.96,93,1,6.91,clear sky,0.0,0
15,chuy,UY,2021-11-30 06:13:58,-33.6971,-53.4616,63.75,87,99,16.49,overcast clouds,0.0,0
16,kamina,CD,2021-11-30 06:13:58,-8.7386,24.9906,70.07,87,98,2.62,overcast clouds,0.0,0
17,busselton,AU,2021-11-30 06:13:58,-33.65,115.3333,70.5,41,39,14.41,scattered clouds,0.0,0
18,sayyan,YE,2021-11-30 06:13:59,15.1718,44.3244,53.01,37,0,5.55,clear sky,0.0,0
19,amapa,BR,2021-11-30 06:13:59,1.0,-52.0,71.46,99,93,1.72,overcast clouds,0.0,0
20,jaisalmer,IN,2021-11-30 06:14:00,26.9147,70.9181,77.59,17,80,9.46,broken clouds,0.0,0
21,jurm,AF,2021-11-30 06:14:00,36.8648,70.8342,49.28,28,82,3.33,broken clouds,0.0,0
22,penzance,GB,2021-11-30 06:14:00,50.1186,-5.5371,51.01,89,98,20.02,overcast clouds,0.0,0
23,souillac,MU,2021-11-30 06:14:01,-20.5167,57.5167,83.35,60,1,10.47,clear sky,0.0,0
24,port elizabeth,ZA,2021-11-30 06:14:01,-33.918,25.5701,69.1,72,86,8.28,overcast clouds,0.0,0
25,the valley,AI,2021-11-30 06:09:44,18.217,-63.0578,80.1,72,6,15.93,clear sky,0.0,0
26,lebu,CL,2021-11-30 06:14:02,-37.6167,-73.65,51.75,91,43,13.62,scattered clouds,0.0,0
27,pisco,PE,2021-11-30 06:14:03,-13.7,-76.2167,63.01,88,0,9.22,clear sky,0.0,0
28,agadez,NE,2021-11-30 06:14:03,19.75,10.25,62.13,45,29,9.17,scattered clouds,0.0,0
29,madimba,TZ,2021-11-30 06:14:04,-10.4,40.3333,84.9,64,29,5.77,scattered clouds,0.0,0
30,xuddur,SO,2021-11-30 06:14:04,4.1213,43.8894,79.74,45,54,20.67,broken clouds,0.0,0
31,gambela,ET,2021-11-30 06:14:05,8.25,34.5833,85.82,30,26,3.89,scattered clouds,0.0,0
32,saint-augustin,CA,2021-11-30 06:14:05,51.226,-58.6502,32.83,98,100,22.88,snow,0.0,0
33,lesnoy,RU,2021-11-30 06:14:06,57.6198,63.0784,34.07,93,100,8.03,overcast clouds,0.0,0
34,zalaegerszeg,HU,2021-11-30 06:14:06,46.84,16.8439,33.76,72,5,4.7,clear sky,0.0,0
35,jamestown,US,2021-11-30 06:12:02,42.097,-79.2353,33.12,80,90,6.91,overcast clouds,0.0,0
36,hofn,IS,2021-11-30 06:14:07,64.2539,-15.2082,29.23,85,100,7.78,overcast clouds,0.0,0
37,paita,PE,2021-11-30 06:14:07,-5.0892,-81.1144,65.66,83,100,10.27,overcast clouds,0.0,0
38,sikonge,TZ,2021-11-30 06:14:08,-5.6333,32.7667,76.06,55,90,7.54,overcast clouds,0.0,0
39,bambous virieux,MU,2021-11-30 06:13:15,-20.3428,57.7575,83.21,64,14,10.33,few clouds,0.0,0
40,mayor pablo lagerenza,PY,2021-11-30 06:14:08,-19.9309,-60.7718,66.29,79,96,2.3,overcast clouds,0.0,0
41,tukrah,LY,2021-11-30 06:14:08,32.5341,20.5791,63.79,69,48,22.26,scattered clouds,0.0,0
42,victoria,HK,2021-11-30 06:12:58,22.2855,114.1577,79.25,53,2,1.99,clear sky,0.0,0
43,boddam,GB,2021-11-30 06:14:09,57.4667,-1.7833,41.38,82,100,18.7,overcast clouds,0.0,0
44,dingle,PH,2021-11-30 06:14:09,10.9995,122.6711,87.37,66,71,8.23,broken clouds,0.0,0
45,tignere,CM,2021-11-30 06:14:10,7.3667,12.65,67.95,32,66,2.28,broken clouds,0.0,0
46,mar del plata,AR,2021-11-30 06:09:12,-38.0023,-57.5575,55.87,94,2,8.01,clear sky,0.0,0
47,hermanus,ZA,2021-11-30 06:14:10,-34.4187,19.2345,60.91,80,94,7.7,light rain,0.0,0
48,dhidhdhoo,MV,2021-11-30 06:14:11,6.8833,73.1,80.94,79,81,8.68,light rain,0.0,0
49,bilma,NE,2021-11-30 06:14:11,18.6853,12.9164,66.74,36,30,14.2,scattered clouds,0.0,0
50,aksu,CN,2021-11-30 06:14:12,41.1231,80.2644,33.04,34,18,1.03,few clouds,0.0,0
51,qaanaaq,GL,2021-11-30 06:14:12,77.484,-69.3632,8.37,67,100,2.44,overcast clouds,0.0,0
52,neuquen,AR,2021-11-30 06:09:19,-38.9516,-68.0591,58.89,58,0,0.0,clear sky,0.0,0
53,hualmay,PE,2021-11-30 06:14:13,-11.0964,-77.6139,64.81,88,90,6.6,overcast clouds,0.0,0
54,ambilobe,MG,2021-11-30 06:14:13,-13.2,49.05,86.99,45,6,7.63,clear sky,0.0,0
55,bay roberts,CA,2021-11-30 06:14:14,47.5999,-53.2648,52.05,83,93,8.99,overcast clouds,0.0,0
56,bull savanna,JM,2021-11-30 06:14:14,17.8868,-77.5902,72.1,78,100,6.11,overcast clouds,0.0,0
57,shubarshi,KZ,2021-11-30 06:14:14,48.5872,57.1869,29.73,80,56,12.77,broken clouds,0.0,0
58,bredasdorp,ZA,2021-11-30 06:14:15,-34.5322,20.0403,58.28,79,76,6.82,light rain,0.0,0
59,mabaruma,GY,2021-11-30 06:14:15,8.2,-59.7833,73.09,97,93,2.13,overcast clouds,0.0,0
60,awjilah,LY,2021-11-30 06:14:16,29.1081,21.2869,56.32,25,8,9.44,clear sky,0.0,0
61,brigantine,US,2021-11-30 06:14:16,39.4101,-74.3646,37.45,79,1,3.44,clear sky,0.0,0
62,dikson,RU,2021-11-30 06:14:16,73.5069,80.5464,-12.33,95,100,12.28,light snow,0.0,0
63,santa maria da boa vista,BR,2021-11-30 06:14:17,-8.8078,-39.8256,77.63,69,99,8.79,overcast clouds,0.0,0
64,surman,LY,2021-11-30 06:14:17,32.7567,12.5716,54.25,57,34,10.16,scattered clouds,0.0,0
65,shetpe,KZ,2021-11-30 06:14:18,44.1667,52.1167,49.98,68,46,22.19,scattered clouds,0.0,0
66,kalat,PK,2021-11-30 06:14:18,29.0225,66.5916,53.71,28,0,4.5,clear sky,0.0,0
67,faya,SA,2021-11-30 06:14:19,18.3851,42.4509,57.72,31,0,8.57,clear sky,0.0,0
68,tabou,CI,2021-11-30 06:14:19,4.423,-7.3528,78.04,85,34,4.18,scattered clouds,0.0,0
69,salalah,OM,2021-11-30 06:14:20,17.0151,54.0924,80.69,16,0,16.11,clear sky,0.0,0
70,bandarbeyla,SO,2021-11-30 06:14:20,9.4942,50.8122,80.89,60,5,20.49,clear sky,0.0,0
71,hithadhoo,MV,2021-11-30 06:14:21,-0.6,73.0833,81.45,77,13,10.85,few clouds,0.0,0
72,sabha,LY,2021-11-30 06:14:21,27.0377,14.4283,48.72,20,3,8.05,clear sky,0.0,0
73,necochea,AR,2021-11-30 06:14:22,-38.5473,-58.7368,53.04,75,0,12.82,clear sky,0.0,0
74,nouadhibou,MR,2021-11-30 06:14:23,20.931,-17.0347,64.78,56,1,20.36,clear sky,0.0,0
75,georgetown,MY,2021-11-30 06:14:23,5.4112,100.3354,84.13,78,20,1.01,few clouds,0.0,0
76,longyearbyen,SJ,2021-11-30 06:10:20,78.2186,15.6401,12.04,62,20,16.11,few clouds,0.0,0
77,shuyskoye,RU,2021-11-30 06:14:23,59.3736,41.0305,33.1,98,100,15.68,snow,0.0,0
78,ivybridge,GB,2021-11-30 06:14:24,50.3904,-3.9191,49.33,92,89,17.45,overcast clouds,0.0,0
79,axim,GH,2021-11-30 06:14:24,4.8699,-2.2405,78.12,86,40,4.03,light rain,0.0,0
80,cururupu,BR,2021-11-30 06:14:25,-1.8283,-44.8683,78.87,82,66,4.68,broken clouds,0.0,0
81,pafos,CY,2021-11-30 06:14:25,34.7667,32.4167,73.24,63,0,3.44,clear sky,0.0,0
82,hoyanger,NO,2021-11-30 06:13:29,61.2204,6.0749,34.99,92,95,3.78,light snow,0.0,0
83,xai-xai,MZ,2021-11-30 06:14:26,-25.0519,33.6442,80.67,55,69,7.96,broken clouds,0.0,0
84,kamenka,RU,2021-11-30 06:14:26,51.3223,42.7678,49.75,92,100,18.75,overcast clouds,0.0,0
85,vestmannaeyjar,IS,2021-11-30 06:14:26,63.4427,-20.2734,35.19,96,100,25.08,snow,0.0,0
86,klaksvik,FO,2021-11-30 06:14:27,62.2266,-6.589,32.92,89,100,11.9,light snow,0.0,0
87,winsum,NL,2021-11-30 06:14:27,53.33,6.5208,48.22,96,100,22.66,overcast clouds,0.0,0
88,vondrozo,MG,2021-11-30 06:14:28,-22.8167,47.2833,74.44,69,96,4.18,overcast clouds,0.0,0
89,arraial do cabo,BR,2021-11-30 06:14:28,-22.9661,-42.0278,73.83,94,16,22.15,few clouds,0.0,0
90,maniitsoq,GL,2021-11-30 06:14:29,65.4167,-52.9,32.99,98,100,18.63,snow,0.0,0
91,matara,LK,2021-11-30 06:14:29,5.9485,80.5353,83.37,73,74,1.81,broken clouds,0.0,0
92,yar-sale,RU,2021-11-30 06:14:29,66.8333,70.8333,0.88,93,100,9.06,overcast clouds,0.0,0
93,saint george,US,2021-11-30 06:14:30,37.1041,-113.5841,63.36,42,1,3.44,clear sky,0.0,0
94,winschoten,NL,2021-11-30 06:14:30,53.1442,7.0347,46.96,99,100,18.45,overcast clouds,0.0,0
95,weligama,LK,2021-11-30 06:14:31,5.9667,80.4167,83.05,73,79,1.99,broken clouds,0.0,0
96,sur,OM,2021-11-30 06:14:31,22.5667,59.5289,78.19,56,0,4.59,clear sky,0.0,0
97,bengkulu,ID,2021-11-30 06:14:32,-3.8004,102.2655,80.64,76,100,15.21,light rain,0.0,0
98,le vauclin,MQ,2021-11-30 06:14:32,14.5452,-60.8388,77.05,83,75,3.44,broken clouds,0.0,0
99,sal rei,CV,2021-11-30 06:14:33,16.1833,-22.9167,70.36,69,77,23.15,broken clouds,0.0,0
100,saint-pierre,RE,2021-11-30 06:10:50,-21.3393,55.4781,83.84,71,0,18.41,clear sky,0.0,0
101,black river,JM,2021-11-30 06:14:33,18.0264,-77.8487,74.98,77,96,6.33,overcast clouds,0.0,0
102,kolomak,UA,2021-11-30 06:14:33,49.8399,35.3044,37.33,69,77,20.27,broken clouds,0.0,0
103,maceio,BR,2021-11-30 06:09:43,-9.6658,-35.7353,78.24,88,20,4.61,few clouds,0.0,0
104,iqaluit,CA,2021-11-30 06:14:34,63.7506,-68.5145,11.7,78,100,8.99,overcast clouds,0.0,0
105,coquimbo,CL,2021-11-30 06:14:35,-29.9533,-71.3436,56.93,88,90,2.3,overcast clouds,0.0,0
106,sao filipe,CV,2021-11-30 06:14:35,14.8961,-24.4956,74.32,69,94,14.34,overcast clouds,0.0,0
107,cidreira,BR,2021-11-30 06:14:35,-30.1811,-50.2056,70.72,64,32,16.26,scattered clouds,0.0,0
108,rujewa,TZ,2021-11-30 06:14:36,-8.7,34.3833,78.44,50,33,9.89,scattered clouds,0.0,0
109,shadegan,IR,2021-11-30 06:14:36,30.6497,48.6647,70.11,32,0,10.54,clear sky,0.0,0
110,upernavik,GL,2021-11-30 06:14:37,72.7868,-56.1549,23.29,96,100,3.24,light snow,0.0,0
111,zaranj,AF,2021-11-30 06:14:37,30.9667,61.8833,62.56,26,90,3.65,overcast clouds,0.0,0
112,ostrov,RU,2021-11-30 06:14:38,57.3439,28.3537,20.93,95,100,17.4,light snow,0.0,0
113,rorvik,NO,2021-11-30 06:13:02,64.8621,11.2373,26.71,50,0,11.5,clear sky,0.0,0
114,pangody,RU,2021-11-30 06:14:39,65.85,74.4859,-1.1,97,99,10.56,overcast clouds,0.0,0
115,nyanguge,TZ,2021-11-30 06:14:39,-2.55,33.2,73.74,66,96,10.27,overcast clouds,0.0,0
116,sechura,PE,2021-11-30 06:14:39,-5.5569,-80.8222,66.31,81,100,9.86,overcast clouds,0.0,0
117,illapel,CL,2021-11-30 06:14:40,-31.6308,-71.1653,61.16,65,0,1.59,clear sky,0.0,0
118,hambantota,LK,2021-11-30 06:14:40,6.1241,81.1185,83.26,72,63,6.02,broken clouds,0.0,0
119,hanumangarh,IN,2021-11-30 06:14:41,29.5833,74.3167,74.1,21,71,3.56,broken clouds,0.0,0
120,marigot,MF,2021-11-30 06:14:41,18.0667,-63.0833,80.04,71,3,15.46,clear sky,0.0,0
121,kismayo,SO,2021-11-30 06:14:42,-0.3582,42.5454,84.2,67,89,11.41,overcast clouds,0.0,0
122,cap-aux-meules,CA,2021-11-30 06:14:42,47.3821,-61.8597,44.69,98,100,6.06,overcast clouds,0.0,0
123,podolinec,SK,2021-11-30 06:14:43,49.2587,20.536,29.97,87,22,5.32,light snow,0.0,0
124,quatre cocos,MU,2021-11-30 06:14:43,-20.2078,57.7625,83.08,63,19,10.92,few clouds,0.0,0
125,jalu,LY,2021-11-30 06:14:44,29.0331,21.5482,56.57,28,21,8.79,few clouds,0.0,0
126,odesskoye,RU,2021-11-30 06:14:44,54.2111,72.9651,14.92,87,62,5.68,broken clouds,0.0,0
127,malumfashi,NG,2021-11-30 06:10:18,11.7853,7.6218,64.49,19,36,9.4,scattered clouds,0.0,0
128,belomorsk,RU,2021-11-30 06:14:45,64.5232,34.7668,19.04,89,100,17.07,light snow,0.0,0
129,luderitz,NA,2021-11-30 06:14:45,-26.6481,15.1594,65.57,62,2,12.17,clear sky,0.0,0
130,pinega,RU,2021-11-30 06:14:46,64.7001,43.3936,10.85,84,100,10.87,overcast clouds,0.0,0
131,havoysund,NO,2021-11-30 06:14:46,70.9963,24.6622,21.43,83,39,17.63,scattered clouds,0.0,0
132,comodoro rivadavia,AR,2021-11-30 06:14:46,-45.8667,-67.5,57.06,33,0,9.22,clear sky,0.0,0
133,hamilton,US,2021-11-30 06:14:15,39.1834,-84.5333,40.75,52,75,1.99,broken clouds,0.0,0
134,kalmunai,LK,2021-11-30 06:14:47,7.4167,81.8167,83.26,72,71,7.02,broken clouds,0.0,0
135,japura,ID,2021-11-30 06:14:47,-0.3167,102.35,92.66,41,66,6.11,broken clouds,0.0,0
136,bathsheba,BB,2021-11-30 06:14:48,13.2167,-59.5167,79.41,83,20,13.8,few clouds,0.0,0
137,pozo colorado,PY,2021-11-30 06:14:48,-23.4923,-58.7972,64.87,64,3,3.98,clear sky,0.0,0
138,carnarvon,AU,2021-11-30 06:14:49,-24.8667,113.6333,78.21,54,0,19.44,clear sky,0.0,0
139,krasnoselkup,RU,2021-11-30 06:14:49,65.7,82.4667,1.6,97,99,9.01,overcast clouds,0.0,0
140,eganville,CA,2021-11-30 06:14:50,45.5334,-77.0994,23.52,86,57,3.06,broken clouds,0.0,0
141,tibacuy,CO,2021-11-30 06:14:50,4.3511,-72.4564,74.14,92,99,2.89,overcast clouds,0.0,0
142,vytegra,RU,2021-11-30 06:14:50,61.0064,36.4481,24.94,87,100,15.66,overcast clouds,0.0,0
143,los palacios,CU,2021-11-30 06:14:51,22.5872,-83.2486,67.66,84,98,4.45,overcast clouds,0.0,0
144,tasiilaq,GL,2021-11-30 06:14:51,65.6145,-37.6368,8.11,90,82,7.29,broken clouds,0.0,0
145,calderitas,MX,2021-11-30 06:14:52,18.55,-88.25,71.15,83,16,4.72,few clouds,0.0,0
146,izhma,RU,2021-11-30 06:14:52,65.0083,53.9113,-9.0,99,72,3.22,broken clouds,0.0,0
147,koindu,GN,2021-11-30 06:14:53,8.4386,-10.3253,68.27,98,95,0.94,overcast clouds,0.0,0
148,buchanan,LR,2021-11-30 06:14:53,5.8808,-10.0467,75.97,87,83,2.33,broken clouds,0.0,0
149,patharia,IN,2021-11-30 06:14:54,23.9,79.2,74.61,32,52,4.65,broken clouds,0.0,0
150,bunia,CD,2021-11-30 06:14:54,1.5667,30.25,68.9,83,100,0.89,light rain,0.0,0
151,ribeira grande,PT,2021-11-30 06:14:54,38.5167,-28.7,61.45,69,9,11.56,clear sky,0.0,0
152,mpika,ZM,2021-11-30 06:14:55,-11.8343,31.4529,74.57,51,51,11.43,broken clouds,0.0,0
153,masallatah,LY,2021-11-30 06:14:55,32.6167,14.0,52.63,57,43,15.28,scattered clouds,0.0,0
154,kruisfontein,ZA,2021-11-30 06:11:44,-34.0033,24.7314,66.88,47,22,11.3,few clouds,0.0,0
155,awbari,LY,2021-11-30 06:14:56,26.5921,12.7805,48.7,20,12,4.94,few clouds,0.0,0
156,calvinia,ZA,2021-11-30 06:14:56,-31.4707,19.776,58.06,45,48,5.37,scattered clouds,0.0,0
157,coihaique,CL,2021-11-30 06:14:57,-45.5752,-72.0662,47.01,87,0,2.3,clear sky,0.0,0
158,ville-marie,CA,2021-11-30 06:10:58,47.3335,-79.433,19.4,98,98,2.64,overcast clouds,0.0,0
159,saint-philippe,RE,2021-11-30 06:14:58,-21.3585,55.7679,83.75,80,42,9.55,scattered clouds,0.0,0
160,alpena,US,2021-11-30 06:14:58,45.0617,-83.4327,30.34,94,90,0.0,mist,0.0,0
161,stroby egede,DK,2021-11-30 06:14:59,55.4138,12.245,38.93,95,100,27.0,light snow,0.0,0
162,sao joao da barra,BR,2021-11-30 06:14:23,-21.6403,-41.0511,73.92,94,41,9.73,scattered clouds,0.0,0
163,rio gallegos,AR,2021-11-30 06:14:59,-51.6226,-69.2181,48.25,61,0,11.5,clear sky,0.0,0
164,nanortalik,GL,2021-11-30 06:15:00,60.1432,-45.2371,33.8,98,100,5.66,light rain,0.0,0
165,impfondo,CG,2021-11-30 06:15:00,1.6381,18.0667,74.84,77,97,2.39,overcast clouds,0.0,0
166,namibe,AO,2021-11-30 06:15:01,-15.1961,12.1522,72.52,67,21,2.57,few clouds,0.0,0
167,hit,IQ,2021-11-30 06:15:01,33.6416,42.8251,66.07,42,100,7.92,overcast clouds,0.0,0
168,saint-joseph,RE,2021-11-30 06:15:01,-21.3667,55.6167,82.76,76,22,10.04,few clouds,0.0,0
169,tambacounda,SN,2021-11-30 06:15:02,13.7539,-13.7586,74.82,24,97,6.69,overcast clouds,0.0,0
170,mahebourg,MU,2021-11-30 06:15:02,-20.4081,57.7,84.49,61,75,9.22,broken clouds,0.0,0
171,banavar,IN,2021-11-30 06:15:03,13.4136,76.1683,74.12,75,100,13.22,overcast clouds,0.0,0
172,danville,US,2021-11-30 06:14:12,36.586,-79.395,36.27,66,75,0.0,broken clouds,0.0,0
173,porto novo,BJ,2021-11-30 06:15:04,6.4965,2.6036,77.94,89,21,5.23,light rain,0.0,0
174,boffa,GN,2021-11-30 06:15:04,10.1667,-14.0333,75.51,89,74,0.94,broken clouds,0.0,0
175,gulu,UG,2021-11-30 06:15:05,2.7746,32.299,75.0,64,98,8.63,overcast clouds,0.0,0
176,thompson,CA,2021-11-30 06:15:05,55.7435,-97.8558,12.36,79,90,14.97,overcast clouds,0.0,0
177,nurota,UZ,2021-11-30 06:15:06,40.5614,65.6886,60.82,27,30,1.99,scattered clouds,0.0,0
178,abha,SA,2021-11-30 06:15:06,18.2164,42.5053,57.45,36,0,6.91,clear sky,0.0,0
179,salinopolis,BR,2021-11-30 06:15:07,-0.6136,-47.3561,79.65,84,70,10.33,broken clouds,0.0,0
180,zhezkazgan,KZ,2021-11-30 06:15:07,47.8043,67.7144,27.28,69,96,0.87,overcast clouds,0.0,0
181,oranjemund,NA,2021-11-30 06:15:08,-28.55,16.4333,64.53,77,9,9.08,clear sky,0.0,0
182,le pradet,FR,2021-11-30 06:15:08,43.1066,6.0172,41.63,49,0,11.5,clear sky,0.0,0
183,koygorodok,RU,2021-11-30 06:15:09,60.445,50.9968,28.89,95,100,12.08,overcast clouds,0.0,0
184,primorsk,UA,2021-11-30 06:15:09,46.7348,36.3443,46.36,91,37,9.73,scattered clouds,0.0,0
185,imbituba,BR,2021-11-30 06:15:10,-28.24,-48.6703,71.82,71,0,5.7,clear sky,0.0,0
186,silvassa,IN,2021-11-30 06:15:10,20.2667,73.0167,85.66,40,98,8.46,overcast clouds,0.0,0
187,greensburg,US,2021-11-30 06:12:52,40.3015,-79.5389,35.62,70,1,4.0,clear sky,0.0,0
188,alta floresta,BR,2021-11-30 06:15:11,-9.8756,-56.0861,69.66,98,99,1.45,overcast clouds,0.0,0
189,clyde river,CA,2021-11-30 06:15:11,70.4692,-68.5914,1.63,78,100,11.5,overcast clouds,0.0,0
190,aswan,EG,2021-11-30 06:15:12,24.0934,32.907,79.02,24,23,8.72,few clouds,0.0,0
191,nguruka,TZ,2021-11-30 06:15:13,-5.1092,31.0419,72.3,77,64,4.27,light rain,0.0,0
192,saint-leu,RE,2021-11-30 06:15:13,-21.15,55.2833,83.23,96,6,6.53,clear sky,0.0,0
193,mbour,SN,2021-11-30 06:15:14,14.422,-16.9638,67.05,33,98,14.63,overcast clouds,0.0,0
194,monte carmelo,BR,2021-11-30 06:15:14,-18.7247,-47.4986,67.41,94,86,2.37,overcast clouds,0.0,0
195,kutum,SD,2021-11-30 06:15:14,14.2,24.6667,71.2,35,6,12.62,clear sky,0.0,0
196,mollendo,PE,2021-11-30 06:15:15,-17.0231,-72.0147,64.98,84,98,6.15,overcast clouds,0.0,0
197,turayf,SA,2021-11-30 06:15:15,31.6725,38.6637,55.65,67,0,6.91,clear sky,0.0,0
198,sambava,MG,2021-11-30 06:15:16,-14.2667,50.1667,82.02,61,25,10.18,scattered clouds,0.0,0
199,george town,MY,2021-11-30 06:15:16,5.4112,100.3354,85.95,75,20,4.61,few clouds,0.0,0
200,rocha,UY,2021-11-30 06:15:17,-34.4833,-54.3333,63.14,93,99,18.77,overcast clouds,0.0,0
201,ugoofaaru,MV,2021-11-30 06:15:17,5.6667,73.0,81.19,79,94,13.42,overcast clouds,0.0,0
202,tsiroanomandidy,MG,2021-11-30 06:15:18,-18.7667,46.0333,80.38,59,5,3.4,clear sky,0.0,0
203,matadi,CD,2021-11-30 06:15:18,-5.8167,13.45,76.75,94,100,2.66,light rain,0.0,0
204,feodosiya,UA,2021-11-30 06:15:18,45.0333,35.3833,52.72,84,46,9.4,scattered clouds,0.0,0
205,longonjo,AO,2021-11-30 06:15:19,-12.9067,15.2533,64.27,92,98,2.59,light rain,0.0,0
206,raudeberg,NO,2021-11-30 06:15:19,61.9875,5.1352,34.86,90,100,11.01,light snow,0.0,0
207,kukmor,RU,2021-11-30 06:15:20,56.1855,50.8944,34.02,92,100,23.73,snow,0.0,0
208,koungou,YT,2021-11-30 06:15:20,-12.7336,45.2042,83.91,70,90,11.5,light rain,0.0,0
209,zaysan,KZ,2021-11-30 06:15:20,47.4667,84.8667,19.6,79,37,2.46,scattered clouds,0.0,0
210,rockland,US,2021-11-30 06:15:21,41.1668,-74.0496,32.72,73,3,5.21,clear sky,0.0,0
211,san carlos del zulia,VE,2021-11-30 06:15:21,9.0,-71.9135,73.58,94,100,4.56,overcast clouds,0.0,0
212,hobyo,SO,2021-11-30 06:15:22,5.3505,48.5268,81.75,61,7,18.86,clear sky,0.0,0
213,mehamn,NO,2021-11-30 06:15:22,71.0357,27.8492,21.38,67,0,28.77,clear sky,0.0,0
214,olinda,BR,2021-11-30 06:15:22,-8.0089,-34.8553,82.13,74,75,5.75,broken clouds,0.0,0
215,bubaque,GW,2021-11-30 06:15:23,11.2833,-15.8333,81.99,60,58,1.77,broken clouds,0.0,0
216,fakel,RU,2021-11-30 06:15:24,57.6325,53.0252,33.46,86,100,15.41,light snow,0.0,0
217,mitsamiouli,KM,2021-11-30 06:15:24,-11.3847,43.2844,82.09,74,13,9.93,light rain,0.0,0
218,tadepallegudem,IN,2021-11-30 06:15:25,16.8333,81.5,84.54,66,100,6.38,overcast clouds,0.0,0
219,miraflores,MX,2021-11-30 06:15:25,19.2167,-98.8083,57.02,82,24,1.97,few clouds,0.0,0
220,puerto maldonado,PE,2021-11-30 06:15:25,-12.6,-69.1833,72.25,99,100,1.99,overcast clouds,0.0,0
221,cordoba,AR,2021-11-30 06:11:54,-31.4135,-64.1811,61.59,67,0,6.91,clear sky,0.0,0
222,cap malheureux,MU,2021-11-30 06:15:26,-19.9842,57.6142,84.69,58,9,8.99,clear sky,0.0,0
223,saldanha,ZA,2021-11-30 06:15:26,-33.0117,17.9442,62.98,83,62,3.98,broken clouds,0.0,0
224,tinaquillo,VE,2021-11-30 06:15:27,9.9186,-68.3047,72.91,81,87,2.75,overcast clouds,0.0,0
225,uruzgan,AF,2021-11-30 06:15:27,32.8333,66.0,52.74,19,41,2.53,scattered clouds,0.0,0
226,grindavik,IS,2021-11-30 06:15:28,63.8424,-22.4338,34.27,93,90,12.66,moderate rain,0.0,0
227,phuntsholing,BT,2021-11-30 06:15:28,26.8516,89.3884,76.39,43,60,4.99,broken clouds,0.0,0
228,madingou,CG,2021-11-30 06:15:29,-4.1536,13.55,73.6,95,100,0.89,overcast clouds,0.0,0
229,takoradi,GH,2021-11-30 06:15:29,4.8845,-1.7554,78.4,86,49,4.32,scattered clouds,0.0,0
230,saint-raymond,CA,2021-11-30 06:15:30,45.467,-73.6095,25.92,76,75,2.3,broken clouds,0.0,0
231,praia da vitoria,PT,2021-11-30 06:15:30,38.7333,-27.0667,57.45,88,75,7.49,broken clouds,0.0,0
232,tutayev,RU,2021-11-30 06:15:31,57.8853,39.5406,38.68,97,100,17.49,light rain,0.0,0
233,mwanza,TZ,2021-11-30 06:15:31,-2.5167,32.9,75.13,64,94,8.19,overcast clouds,0.0,0
234,vila do maio,CV,2021-11-30 06:15:32,15.1333,-23.2167,72.39,71,100,21.56,overcast clouds,0.0,0
235,atyrau,KZ,2021-11-30 06:15:32,47.1167,51.8833,37.42,81,0,20.13,clear sky,0.0,0
236,castro,BR,2021-11-30 06:15:33,-24.7911,-50.0119,57.96,77,69,3.91,broken clouds,0.0,0
237,megion,RU,2021-11-30 06:15:33,61.0296,76.1136,24.82,94,100,14.79,overcast clouds,0.0,0
238,ayni,TJ,2021-11-30 06:15:34,39.3941,68.5377,48.47,36,89,4.47,overcast clouds,0.0,0
239,el tigre,VE,2021-11-30 06:15:34,8.8875,-64.2454,72.99,87,87,9.86,overcast clouds,0.0,0
240,ullapool,GB,2021-11-30 06:15:35,57.8987,-5.1604,43.75,98,100,3.02,light rain,0.0,0
241,carutapera,BR,2021-11-30 06:15:35,-1.195,-46.02,77.79,87,26,6.87,scattered clouds,0.0,0
242,saint-marc-des-carrieres,CA,2021-11-30 06:15:35,46.6834,-72.0491,22.21,73,51,4.61,broken clouds,0.0,0
243,lipin bor,RU,2021-11-30 06:15:36,60.2622,37.9763,25.83,92,100,19.95,light snow,0.0,0
244,port-gentil,GA,2021-11-30 06:15:36,-0.7193,8.7815,79.48,83,96,8.57,overcast clouds,0.0,0
245,albany,US,2021-11-30 06:12:50,42.6001,-73.9662,24.53,85,17,3.98,few clouds,0.0,0
246,ginda,IN,2021-11-30 06:15:37,30.6945,78.4932,64.31,14,88,5.99,overcast clouds,0.0,0
247,wadi musa,JO,2021-11-30 06:15:37,30.3222,35.4793,69.66,18,33,4.16,scattered clouds,0.0,0
248,goryachegorsk,RU,2021-11-30 06:15:38,55.4053,88.9154,30.6,52,100,10.51,overcast clouds,0.0,0
249,saint-louis,SN,2021-11-30 06:15:38,16.3333,-15.0,68.85,27,84,10.13,broken clouds,0.0,0
250,korla,CN,2021-11-30 06:15:39,41.7597,86.1469,30.07,48,7,8.16,clear sky,0.0,0
251,sierpc,PL,2021-11-30 06:15:39,52.8568,19.6691,27.81,94,60,11.7,broken clouds,0.0,0
252,huarmey,PE,2021-11-30 06:15:39,-10.0681,-78.1522,65.82,86,89,7.61,overcast clouds,0.0,0
253,bikaner,IN,2021-11-30 06:15:40,28.0167,73.3,74.77,20,85,4.74,overcast clouds,0.0,0
254,taoudenni,ML,2021-11-30 06:15:40,22.6783,-3.9836,58.93,15,72,15.03,broken clouds,0.0,0
255,tromso,NO,2021-11-30 06:15:41,69.6496,18.957,21.22,58,0,16.11,clear sky,0.0,0
256,vardo,NO,2021-11-30 06:15:41,70.3705,31.1107,16.0,79,96,20.38,overcast clouds,0.0,0
257,minsk,BY,2021-11-30 06:15:42,53.9,27.5667,28.15,93,100,24.79,snow,0.0,0
258,hala,PK,2021-11-30 06:15:42,25.8131,68.4227,71.58,17,25,10.94,scattered clouds,0.0,0
259,muros,ES,2021-11-30 06:15:43,42.7762,-9.0603,54.84,94,100,5.44,overcast clouds,0.0,0
260,husavik,IS,2021-11-30 06:15:43,66.0449,-17.3389,22.91,89,100,3.67,overcast clouds,0.0,0
261,iquique,CL,2021-11-30 06:15:44,-20.2208,-70.1431,64.44,73,40,0.51,scattered clouds,0.0,0
262,ouango,CF,2021-11-30 06:15:44,4.3133,22.5552,70.68,97,100,2.15,overcast clouds,0.0,0
263,san cristobal,VE,2021-11-30 06:15:45,7.7669,-72.225,65.7,89,90,1.39,overcast clouds,0.0,0
264,akdepe,TM,2021-11-30 06:15:45,42.0551,59.3788,50.0,52,0,10.27,clear sky,0.0,0
265,maragogi,BR,2021-11-30 06:15:45,-9.0122,-35.2225,77.72,85,95,8.08,overcast clouds,0.0,0
266,rincon,US,2021-11-30 06:15:46,32.296,-81.2354,43.86,93,1,3.44,clear sky,0.0,0
267,gamba,GA,2021-11-30 06:11:43,-2.65,10.0,76.17,91,99,3.02,light rain,0.0,0
268,madaras,HU,2021-11-30 06:15:46,46.0587,19.2612,33.22,74,75,15.95,broken clouds,0.0,0
269,boa vista,BR,2021-11-30 06:15:47,2.8197,-60.6733,78.78,73,0,5.75,clear sky,0.0,0
270,doka,SD,2021-11-30 06:15:47,13.5167,35.7667,83.71,26,2,4.34,clear sky,0.0,0
271,caernarfon,GB,2021-11-30 06:15:47,53.1413,-4.2702,51.67,87,90,18.41,overcast clouds,0.0,0
272,cape girardeau,US,2021-11-30 06:15:48,37.3834,-89.7168,46.2,87,5,8.99,clear sky,0.0,0
273,lulea,SE,2021-11-30 06:15:49,65.5842,22.1547,6.87,92,20,5.75,few clouds,0.0,0
274,matay,EG,2021-11-30 06:15:49,28.419,30.7792,74.23,18,51,6.24,broken clouds,0.0,0
275,saint-francois,FR,2021-11-30 06:15:50,46.4154,3.9054,31.68,86,90,3.44,overcast clouds,0.0,0
276,kharod,IN,2021-11-30 06:15:50,21.75,82.5667,76.84,31,67,5.61,broken clouds,0.0,0
277,staryy nadym,RU,2021-11-30 06:15:51,65.6118,72.6842,1.58,96,97,8.57,overcast clouds,0.0,0
278,vila velha,BR,2021-11-30 06:15:51,-20.3297,-40.2925,78.75,88,40,11.99,scattered clouds,0.0,0
279,muli,MV,2021-11-30 06:15:52,2.9167,73.5667,82.65,75,33,14.94,scattered clouds,0.0,0
280,hastings,GB,2021-11-30 06:15:52,50.8552,0.5729,48.52,78,99,21.97,overcast clouds,0.0,0
281,coshocton,US,2021-11-30 06:15:52,40.272,-81.8596,35.78,92,99,7.29,light snow,0.0,0
282,kuzedeyevo,RU,2021-11-30 06:15:53,53.3308,87.2019,28.35,78,100,2.66,overcast clouds,0.0,0
283,narasannapeta,IN,2021-11-30 06:15:53,18.4167,84.05,79.12,50,62,7.96,broken clouds,0.0,0
284,arauca,CO,2021-11-30 06:11:36,7.0847,-70.7591,71.74,97,68,3.96,broken clouds,0.0,0
285,pishin,PK,2021-11-30 06:15:54,30.5803,66.9961,59.32,28,2,2.62,clear sky,0.0,0
286,taltal,CL,2021-11-30 06:15:54,-25.4,-70.4833,60.22,83,14,0.98,few clouds,0.0,0
287,touros,BR,2021-11-30 06:15:55,-5.1989,-35.4608,79.7,79,72,9.55,broken clouds,0.0,0
288,ustka,PL,2021-11-30 06:15:55,54.5805,16.8619,35.69,77,83,14.67,broken clouds,0.0,0
289,ancud,CL,2021-11-30 06:15:56,-41.8697,-73.8203,47.73,90,12,2.95,few clouds,0.0,0
290,tandur,IN,2021-11-30 06:15:56,17.2333,77.5833,81.5,58,91,7.7,overcast clouds,0.0,0
291,hovin,NO,2021-11-30 06:15:56,63.1055,10.225,23.95,92,100,4.38,snow,0.0,0
292,karasjok,NO,2021-11-30 06:15:57,69.4719,25.5112,14.11,100,89,5.12,overcast clouds,0.0,0
293,ilulissat,GL,2021-11-30 06:15:57,69.2167,-51.1,25.9,86,100,6.89,overcast clouds,0.0,0
294,galle,LK,2021-11-30 06:15:57,6.0367,80.217,82.29,73,80,2.93,broken clouds,0.0,0
295,sterling,US,2021-11-30 06:15:58,39.0062,-77.4286,36.19,81,75,5.01,broken clouds,0.0,0
296,padang,ID,2021-11-30 06:15:58,-0.9492,100.3543,82.45,76,75,6.29,broken clouds,0.0,0
297,moyale,KE,2021-11-30 06:15:59,3.5167,39.0584,74.57,60,80,18.21,broken clouds,0.0,0
298,rawson,AR,2021-11-30 06:15:59,-43.3002,-65.1023,59.94,60,0,10.58,clear sky,0.0,0
299,vila franca do campo,PT,2021-11-30 06:15:59,37.7167,-25.4333,61.2,77,81,5.61,broken clouds,0.0,0
300,copenhagen,DK,2021-11-30 06:15:06,55.6759,12.5655,37.06,97,90,25.32,shower rain,0.0,0
301,manali,IN,2021-11-30 06:16:00,13.1667,80.2667,87.89,83,76,11.43,broken clouds,0.0,0
302,kasongo-lunda,CD,2021-11-30 06:16:00,-6.4667,16.8167,71.53,96,100,0.54,overcast clouds,0.0,0
303,winchester,GB,2021-11-30 06:16:01,51.0651,-1.3187,50.68,87,75,5.01,light intensity drizzle,0.0,0
304,mayumba,GA,2021-11-30 06:16:01,-3.432,10.6554,76.78,89,100,6.8,light rain,0.0,0
305,jiwani,PK,2021-11-30 06:16:02,25.05,61.7417,76.6,49,0,6.46,clear sky,0.0,0
306,atasu,KZ,2021-11-30 06:16:02,48.6814,71.6433,22.48,77,100,5.61,overcast clouds,0.0,0
307,conceicao do araguaia,BR,2021-11-30 06:16:03,-8.2578,-49.2647,72.46,97,98,2.42,overcast clouds,0.0,0
308,kashi,CN,2021-11-30 06:16:03,39.4547,75.9797,36.61,32,20,4.47,few clouds,0.0,0
309,ladnun,IN,2021-11-30 06:16:03,27.65,74.3833,74.53,20,96,4.85,overcast clouds,0.0,0
310,torit,SS,2021-11-30 06:16:04,4.4133,32.5678,82.65,50,100,1.14,overcast clouds,0.0,0
311,san borja,BO,2021-11-30 06:16:04,-14.8167,-66.85,68.22,99,98,2.33,overcast clouds,0.0,0
312,kedougou,SN,2021-11-30 06:16:05,12.5579,-12.1743,72.46,30,96,2.1,overcast clouds,0.0,0
313,isla mujeres,MX,2021-11-30 06:16:05,21.2311,-86.731,75.25,80,10,15.17,clear sky,0.0,0
314,ponta delgada,PT,2021-11-30 06:16:05,37.7333,-25.6667,61.5,77,75,5.75,broken clouds,0.0,0
315,omaruru,NA,2021-11-30 06:16:06,-21.4333,15.9333,73.36,15,4,2.57,clear sky,0.0,0
316,humberto de campos,BR,2021-11-30 06:16:06,-2.5983,-43.4611,77.59,87,30,5.99,scattered clouds,0.0,0
317,caravelas,BR,2021-11-30 06:16:07,-17.7125,-39.2481,75.58,90,43,8.79,scattered clouds,0.0,0
318,cayenne,GF,2021-11-30 06:16:07,4.9333,-52.3333,75.09,92,75,0.0,broken clouds,0.0,0
319,turukhansk,RU,2021-11-30 06:16:07,65.8167,87.9833,8.04,95,100,12.64,light snow,0.0,0
320,oskemen,KZ,2021-11-30 06:16:08,49.9565,82.6119,19.36,67,77,2.24,broken clouds,0.0,0
321,kaura namoda,NG,2021-11-30 06:16:08,12.5898,6.5779,67.87,17,54,9.6,broken clouds,0.0,0
322,spas-demensk,RU,2021-11-30 06:16:08,54.4122,34.0226,34.16,87,100,18.86,light snow,0.0,0
323,socuellamos,ES,2021-11-30 06:16:09,39.2858,-2.7921,41.38,88,92,5.17,overcast clouds,0.0,0
324,henties bay,NA,2021-11-30 06:16:09,-22.116,14.2845,58.86,91,28,6.85,scattered clouds,0.0,0
325,bela vista,BR,2021-11-30 06:16:10,-22.1089,-56.5211,64.15,95,71,2.13,broken clouds,0.0,0
326,puerto baquerizo moreno,EC,2021-11-30 06:12:33,-0.9,-89.6,68.56,89,38,10.25,scattered clouds,0.0,0
327,nortelandia,BR,2021-11-30 06:16:10,-14.4547,-56.8028,73.02,92,92,2.44,overcast clouds,0.0,0
328,cape canaveral,US,2021-11-30 06:16:11,28.4058,-80.6048,58.98,82,1,3.44,clear sky,0.0,0
329,synya,RU,2021-11-30 06:16:11,65.3718,58.0387,-8.79,100,97,3.51,overcast clouds,0.0,0
330,brewster,US,2021-11-30 06:16:11,41.3973,-73.6171,31.8,82,1,0.0,clear sky,0.0,0
331,les cayes,HT,2021-11-30 06:16:12,18.2,-73.75,74.12,81,79,7.16,broken clouds,0.0,0
332,teguldet,RU,2021-11-30 06:16:12,57.3064,88.1667,21.69,73,100,12.5,overcast clouds,0.0,0
333,brae,GB,2021-11-30 06:16:12,60.3964,-1.353,35.51,56,100,11.63,overcast clouds,0.0,0
334,lambarene,GA,2021-11-30 06:16:13,-0.7001,10.2406,74.73,96,99,1.95,light rain,0.0,0
335,port blair,IN,2021-11-30 06:16:13,11.6667,92.75,84.7,66,82,15.73,broken clouds,0.0,0
336,colares,PT,2021-11-30 06:16:14,38.7992,-9.4469,52.9,75,100,15.01,overcast clouds,0.0,0
337,kyzyl-suu,KG,2021-11-30 06:16:14,42.3414,78.0056,32.49,66,2,1.61,clear sky,0.0,0
338,anloga,GH,2021-11-30 06:16:14,5.7947,0.8973,81.09,82,11,8.7,few clouds,0.0,0
339,chardara,KZ,2021-11-30 06:16:15,41.2547,67.9692,54.54,26,97,3.62,overcast clouds,0.0,0
340,dosso,NE,2021-11-30 06:16:15,13.049,3.1937,69.8,14,57,9.84,broken clouds,0.0,0
341,mecca,SA,2021-11-30 06:16:16,21.4267,39.8261,82.89,30,0,1.99,clear sky,0.0,0
342,milyutinskaya,RU,2021-11-30 06:16:16,48.6279,41.6679,53.04,79,100,23.38,light rain,0.0,0
343,paratinga,BR,2021-11-30 06:16:17,-12.6906,-43.1842,68.94,94,100,3.04,overcast clouds,0.0,0
344,riyadh,SA,2021-11-30 06:16:17,24.6877,46.7219,71.65,24,0,3.44,clear sky,0.0,0
345,banda aceh,ID,2021-11-30 06:16:18,5.5577,95.3222,75.74,93,100,11.92,light rain,0.0,0
346,oktyabrskoye,RU,2021-11-30 06:16:18,43.0645,44.7417,53.35,58,97,15.66,overcast clouds,0.0,0
347,krasnyy yar,RU,2021-11-30 06:16:19,46.5331,48.3456,48.13,86,100,14.12,overcast clouds,0.0,0
348,mount darwin,ZW,2021-11-30 06:16:19,-16.7725,31.5838,78.76,31,20,7.7,few clouds,0.0,0
349,aasiaat,GL,2021-11-30 06:16:19,68.7098,-52.8699,31.12,99,100,3.38,overcast clouds,0.0,0
350,acarau,BR,2021-11-30 06:16:20,-2.8856,-40.12,81.32,73,39,14.72,scattered clouds,0.0,0
351,sinnamary,GF,2021-11-30 06:16:20,5.3833,-52.95,77.36,89,62,7.94,broken clouds,0.0,0
352,bethlehem,BR,2021-11-30 06:16:21,-1.4558,-48.5044,75.24,94,0,2.3,clear sky,0.0,0
353,shelburne,CA,2021-11-30 06:16:21,44.0787,-80.2041,27.39,94,96,6.6,overcast clouds,0.0,0
354,kortkeros,RU,2021-11-30 06:16:21,61.8106,51.5806,14.18,92,96,12.71,light snow,0.0,0
355,oum hadjer,TD,2021-11-30 06:16:22,13.2954,19.6966,77.65,23,64,9.46,broken clouds,0.0,0
356,ranipur,PK,2021-11-30 06:16:22,27.2879,68.5051,71.65,18,0,3.89,clear sky,0.0,0
357,jalgaon,IN,2021-11-30 06:16:22,21.0167,75.5667,76.68,35,100,10.45,overcast clouds,0.0,0
358,andenes,NO,2021-11-30 06:16:23,69.3143,16.1194,26.58,68,0,21.85,clear sky,0.0,0
359,itarema,BR,2021-11-30 06:16:23,-2.9248,-39.9167,81.54,70,45,14.32,scattered clouds,0.0,0
360,west warwick,US,2021-11-30 06:16:24,41.6969,-71.5219,30.33,76,1,3.44,clear sky,0.0,0
361,gora kalwaria,PL,2021-11-30 06:16:24,51.9765,21.2154,35.37,80,92,15.32,overcast clouds,0.0,0
362,san andres,CO,2021-11-30 06:16:24,12.5847,-81.7006,82.42,78,40,11.5,scattered clouds,0.0,0
363,itaueira,BR,2021-11-30 06:16:25,-7.6033,-43.0256,72.46,93,96,3.22,overcast clouds,0.0,0
364,briancon,FR,2021-11-30 06:16:25,44.9,6.65,24.62,85,42,5.35,scattered clouds,0.0,0
365,filadelfia,US,2021-11-30 06:11:38,39.9523,-75.1638,33.98,68,20,1.01,few clouds,0.0,0
366,willowmore,ZA,2021-11-30 06:16:26,-33.2926,23.4895,62.11,56,24,2.42,few clouds,0.0,0
367,volchansk,RU,2021-11-30 06:16:26,59.9378,60.081,30.25,99,100,3.24,snow,0.0,0
368,port-cartier,CA,2021-11-30 06:16:26,50.0334,-66.8654,26.82,66,100,10.67,overcast clouds,0.0,0
369,surgut,RU,2021-11-30 06:16:27,61.25,73.4167,26.78,92,75,13.0,light shower snow,0.0,0
370,mantua,IT,2021-11-30 06:16:27,45.1667,10.7833,38.44,81,2,3.0,clear sky,0.0,0
371,uyemskiy,RU,2021-11-30 06:16:28,64.4743,40.8524,8.65,85,40,13.42,scattered clouds,0.0,0
372,narsaq,GL,2021-11-30 06:16:28,60.9167,-46.05,33.12,99,100,8.84,snow,0.0,0
373,kimamba,TZ,2021-11-30 06:16:29,-6.7833,37.1333,78.82,71,98,2.28,overcast clouds,0.0,0
374,caapucu,PY,2021-11-30 06:16:29,-26.2167,-57.2,60.4,60,0,2.21,clear sky,0.0,0
375,duiwelskloof,ZA,2021-11-30 06:16:29,-23.6934,30.14,76.15,54,100,3.04,overcast clouds,0.0,0
376,uray,RU,2021-11-30 06:16:30,60.1247,64.7758,23.25,98,100,1.12,overcast clouds,0.0,0
377,chipinge,ZW,2021-11-30 06:16:30,-20.1883,32.6236,79.65,33,8,4.07,clear sky,0.0,0
378,alboraya,ES,2021-11-30 06:16:30,39.5,-0.35,56.34,72,20,4.0,few clouds,0.0,0
379,kabalo,CD,2021-11-30 06:16:31,-6.05,26.9167,72.52,91,100,0.81,overcast clouds,0.0,0
380,vallenar,CL,2021-11-30 06:16:31,-28.5708,-70.7581,61.9,69,0,2.17,clear sky,0.0,0
381,bajil,YE,2021-11-30 06:16:31,15.0584,43.2851,81.12,57,0,2.19,clear sky,0.0,0
382,stratford-upon-avon,GB,2021-11-30 06:16:32,52.1917,-1.7073,51.15,89,100,15.99,overcast clouds,0.0,0
383,srinagar,IN,2021-11-30 06:16:32,34.0833,74.8167,51.08,24,100,1.68,overcast clouds,0.0,0
384,manakara,MG,2021-11-30 06:16:33,-22.1333,48.0167,77.86,74,97,3.65,overcast clouds,0.0,0
385,kudahuvadhoo,MV,2021-11-30 06:16:33,2.6708,72.8944,82.62,75,20,15.68,few clouds,0.0,0
386,togur,RU,2021-11-30 06:16:33,58.3631,82.8265,19.9,80,89,9.75,overcast clouds,0.0,0
387,inongo,CD,2021-11-30 06:16:34,-1.95,18.2667,71.76,89,100,3.02,overcast clouds,0.0,0
388,gazli,UZ,2021-11-30 06:16:34,40.1333,63.45,58.75,32,6,9.44,clear sky,0.0,0
389,paamiut,GL,2021-11-30 06:16:34,61.994,-49.6678,32.14,96,100,19.19,snow,0.0,0
390,storforshei,NO,2021-11-30 06:16:35,66.4043,14.5233,22.78,58,0,13.8,clear sky,0.0,0
391,lethem,GY,2021-11-30 06:16:35,3.3803,-59.7968,76.68,78,68,8.46,broken clouds,0.0,0
392,mastic beach,US,2021-11-30 06:16:36,40.7668,-72.8521,33.98,74,1,3.44,clear sky,0.0,0
393,alanya,TR,2021-11-30 06:16:36,36.5438,31.9998,60.93,73,100,8.25,overcast clouds,0.0,0
394,ornskoldsvik,SE,2021-11-30 06:16:36,63.2909,18.7153,13.15,92,75,5.75,light snow,0.0,0
395,bara,NG,2021-11-30 06:16:37,10.3744,10.7288,69.17,24,54,4.97,broken clouds,0.0,0
396,koudougou,BF,2021-11-30 06:16:37,12.25,-2.3667,72.28,16,26,9.42,scattered clouds,0.0,0
397,atbasar,KZ,2021-11-30 06:16:37,51.8,68.3333,12.54,93,41,4.03,scattered clouds,0.0,0
398,urengoy,RU,2021-11-30 06:16:38,65.9667,78.3667,-3.19,97,97,10.76,overcast clouds,0.0,0
399,san rafael del sur,NI,2021-11-30 06:16:38,11.8485,-86.4384,75.92,65,74,9.17,broken clouds,0.0,0
400,rio grande,BR,2021-11-30 06:16:39,-32.035,-52.0986,66.2,81,100,22.15,overcast clouds,0.0,0
401,mahibadhoo,MV,2021-11-30 06:16:39,3.7833,72.9667,82.45,78,69,14.36,broken clouds,0.0,0
402,edeia,BR,2021-11-30 06:16:39,-17.3383,-49.9314,70.48,91,89,5.17,overcast clouds,0.0,0
403,canavieiras,BR,2021-11-30 06:16:40,-15.675,-38.9472,76.28,91,79,11.97,moderate rain,0.0,0
404,shache,CN,2021-11-30 06:16:40,38.4167,77.2406,36.32,28,54,2.8,broken clouds,0.0,0
405,omvriaki,GR,2021-11-30 06:16:40,39.1,22.2667,43.39,74,47,11.63,scattered clouds,0.0,0
406,berlevag,NO,2021-11-30 06:15:46,70.8578,29.0864,19.35,68,0,41.43,clear sky,0.0,0
407,qaqortoq,GL,2021-11-30 06:16:41,60.7167,-46.0333,32.88,99,100,7.96,snow,0.0,0
408,ushtobe,KZ,2021-11-30 06:16:41,45.2514,77.9838,41.99,27,0,2.28,clear sky,0.0,0
409,maraa,BR,2021-11-30 06:16:42,-1.8333,-65.3667,73.18,96,98,3.29,overcast clouds,0.0,0
410,gilgit,PK,2021-11-30 06:16:42,35.9221,74.3087,46.87,38,83,2.98,broken clouds,0.0,0
411,la asuncion,VE,2021-11-30 06:16:43,11.0333,-63.8628,80.33,83,100,11.5,overcast clouds,0.0,0
412,karaton,ID,2021-11-30 06:16:43,-6.3424,106.1045,84.36,92,100,2.44,heavy intensity rain,0.0,0
413,yabrud,SY,2021-11-30 06:16:44,33.9674,36.6574,65.52,35,95,12.82,overcast clouds,0.0,0
414,goderich,CA,2021-11-30 06:16:44,43.7501,-81.7165,34.12,86,100,10.36,overcast clouds,0.0,0
415,mafinga,TZ,2021-11-30 06:16:44,-7.25,35.0667,77.4,56,73,4.56,broken clouds,0.0,0
416,sorland,NO,2021-11-30 06:13:16,67.667,12.6934,28.47,77,100,15.9,overcast clouds,0.0,0
417,iranshahr,IR,2021-11-30 06:16:45,27.2025,60.6848,77.34,29,0,0.0,clear sky,0.0,0
418,tanout,NE,2021-11-30 06:16:45,14.9709,8.8879,65.88,19,31,11.48,scattered clouds,0.0,0
419,sandwick,GB,2021-11-30 06:16:46,60.0,-1.25,35.42,69,20,8.05,few clouds,0.0,0
420,ayorou,NE,2021-11-30 06:16:46,14.7308,0.9174,70.43,14,41,9.28,scattered clouds,0.0,0
421,salamiyah,SY,2021-11-30 06:16:46,35.0113,37.0532,65.21,42,100,11.7,overcast clouds,0.0,0
422,saquarema,BR,2021-11-30 06:14:28,-22.92,-42.5103,72.48,92,25,8.43,scattered clouds,0.0,0
423,sinazongwe,ZM,2021-11-30 06:16:47,-17.2614,27.4618,85.5,39,31,15.35,scattered clouds,0.0,0
424,duminichi,RU,2021-11-30 06:16:47,53.9345,35.1099,34.11,93,100,19.64,light rain,0.0,0
425,havelock,US,2021-11-30 06:16:48,34.8791,-76.9013,42.75,55,15,3.24,few clouds,0.0,0
426,urumqi,CN,2021-11-30 06:14:02,43.801,87.6005,20.35,74,3,4.47,smoke,0.0,0
427,sept-iles,CA,2021-11-30 06:13:03,50.2001,-66.3821,27.05,64,100,5.99,overcast clouds,0.0,0
428,khandbari,NP,2021-11-30 06:14:01,27.3747,87.2039,69.04,52,56,3.38,broken clouds,0.0,0
429,chatra,IN,2021-11-30 06:16:49,24.2167,84.8667,71.58,36,26,6.44,scattered clouds,0.0,0
430,taruma,BR,2021-11-30 06:16:49,-22.7467,-50.5772,70.75,91,98,5.39,overcast clouds,0.0,0
431,puerto narino,CO,2021-11-30 06:16:50,-3.7703,-70.3831,75.15,100,100,2.37,overcast clouds,0.0,0
432,natalio,PY,2021-11-30 06:16:50,-26.7167,-55.0833,57.25,84,0,1.39,clear sky,0.0,0
433,aviles,ES,2021-11-30 06:16:50,43.5547,-5.9248,48.92,82,75,1.99,broken clouds,0.0,0
434,qasigiannguit,GL,2021-11-30 06:16:51,68.8193,-51.1922,25.0,87,99,5.7,overcast clouds,0.0,0
435,oistins,BB,2021-11-30 06:15:07,13.0667,-59.5333,78.89,83,20,13.8,few clouds,0.0,0
436,trinidad,BO,2021-11-30 06:16:51,-14.8333,-64.9,70.25,98,94,2.98,overcast clouds,0.0,0
437,shrewsbury,GB,2021-11-30 06:16:52,52.7101,-2.7521,51.67,90,90,10.36,overcast clouds,0.0,0
438,matagami,CA,2021-11-30 06:16:52,49.7502,-77.6328,12.31,100,90,2.3,overcast clouds,0.0,0
439,lima duarte,BR,2021-11-30 06:16:52,-21.8425,-43.7931,58.26,84,64,4.0,broken clouds,0.0,0
440,boende,CD,2021-11-30 06:16:53,-0.2167,20.8667,73.67,88,91,2.66,light rain,0.0,0
441,wilmington,US,2021-11-30 06:16:53,34.2257,-77.9447,50.86,93,1,0.0,clear sky,0.0,0
442,hogyesz,HU,2021-11-30 06:16:53,46.497,18.4184,33.22,73,28,16.64,scattered clouds,0.0,0
443,kisangani,CD,2021-11-30 06:16:54,0.5167,25.2,69.48,98,100,2.1,light rain,0.0,0
444,vohibinany,MG,2021-11-30 06:16:54,-17.35,49.0333,82.99,60,77,3.83,broken clouds,0.0,0
445,cabedelo,BR,2021-11-30 06:15:27,-6.9811,-34.8339,77.67,80,55,9.33,broken clouds,0.0,0
446,traverse city,US,2021-11-30 06:15:06,44.7631,-85.6206,33.87,86,75,0.0,light snow,0.0,0
447,acari,PE,2021-11-30 06:16:55,-15.4311,-74.6158,67.17,79,92,2.46,overcast clouds,0.0,0
448,usinsk,RU,2021-11-30 06:16:55,65.9939,57.5281,-14.46,100,65,2.55,broken clouds,0.0,0
449,derzhavinsk,KZ,2021-11-30 06:16:56,51.1,66.3167,15.89,91,43,4.76,scattered clouds,0.0,0
450,kavaratti,IN,2021-11-30 06:16:56,10.5669,72.642,79.86,80,100,14.36,moderate rain,0.0,0
451,lerwick,GB,2021-11-30 06:16:56,60.1545,-1.1494,35.6,56,100,12.1,overcast clouds,0.0,0
452,tombouctou,ML,2021-11-30 06:16:57,20.0,-3.0,61.52,15,10,13.29,clear sky,0.0,0
453,tamandare,BR,2021-11-30 06:16:57,-8.7597,-35.1047,78.19,84,86,8.88,overcast clouds,0.0,0
454,bardiyah,LY,2021-11-30 06:16:58,31.7561,25.0865,60.49,63,58,16.02,broken clouds,0.0,0
455,yarmouth,US,2021-11-30 06:16:58,41.7057,-70.2286,33.96,67,1,5.75,clear sky,0.0,0
456,tiznit,MA,2021-11-30 06:16:58,29.5833,-9.5,53.26,41,0,2.64,clear sky,0.0,0
457,bealanana,MG,2021-11-30 06:16:59,-14.55,48.7333,75.25,53,36,5.28,scattered clouds,0.0,0
458,sisimiut,GL,2021-11-30 06:16:59,66.9395,-53.6735,31.35,79,100,9.31,overcast clouds,0.0,0
459,nibbar,TN,2021-11-30 06:16:59,36.2941,8.7666,39.88,75,40,8.05,scattered clouds,0.0,0
460,omboue,GA,2021-11-30 06:17:00,-1.5746,9.2618,77.45,90,99,4.72,overcast clouds,0.0,0
461,talnakh,RU,2021-11-30 06:17:00,69.4865,88.3972,-7.8,93,100,1.81,overcast clouds,0.0,0
462,marawi,PH,2021-11-30 06:17:01,7.9986,124.2928,75.65,85,82,5.28,light rain,0.0,0
463,sunyani,GH,2021-11-30 06:17:01,7.3399,-2.3268,70.3,99,11,3.15,few clouds,0.0,0
464,camapua,BR,2021-11-30 06:17:01,-19.5314,-54.0439,71.38,97,100,2.64,overcast clouds,0.0,0
465,tirodi,IN,2021-11-30 06:17:02,21.6833,79.7,78.67,27,79,6.17,broken clouds,0.0,0
466,big rapids,US,2021-11-30 06:17:02,43.6981,-85.4837,31.75,98,90,3.44,snow,0.0,0
467,guiratinga,BR,2021-11-30 06:17:03,-16.3494,-53.7583,71.91,93,100,1.39,overcast clouds,0.0,0
468,umm lajj,SA,2021-11-30 06:17:03,25.0213,37.2685,84.92,33,2,6.87,clear sky,0.0,0
469,yartsevo,RU,2021-11-30 06:17:04,55.0667,32.6964,31.6,96,100,16.26,snow,0.0,0
470,fort portal,UG,2021-11-30 06:17:04,0.6617,30.2748,64.6,94,96,1.03,light rain,0.0,0
471,thinadhoo,MV,2021-11-30 06:17:05,0.5333,72.9333,81.43,78,14,12.8,few clouds,0.0,0
472,lanjaghbyur,AM,2021-11-30 06:17:05,40.2715,45.1404,46.15,61,76,10.71,broken clouds,0.0,0
473,waounde,SN,2021-11-30 06:17:05,15.2637,-12.8682,74.14,23,99,7.96,overcast clouds,0.0,0
474,quarteira,PT,2021-11-30 06:17:06,37.0695,-8.1006,53.37,76,75,4.61,broken clouds,0.0,0
475,cockburn town,TC,2021-11-30 06:17:06,21.4612,-71.1419,79.09,70,97,9.55,overcast clouds,0.0,0
476,nuuk,GL,2021-11-30 06:13:00,64.1835,-51.7216,32.88,100,100,44.0,snow,0.0,0
477,aripuana,BR,2021-11-30 06:17:07,-9.1667,-60.6333,72.01,95,81,0.72,broken clouds,0.0,0
478,maragheh,IR,2021-11-30 06:17:07,37.3917,46.2398,48.47,43,75,0.0,broken clouds,0.0,0
479,paso de los toros,UY,2021-11-30 06:17:07,-32.8167,-56.5167,56.91,94,0,7.85,clear sky,0.0,0
480,yining,CN,2021-11-30 06:17:08,29.0361,114.5636,57.52,27,1,8.75,clear sky,0.0,0
481,nizwa,OM,2021-11-30 06:17:08,22.9333,57.5333,74.26,39,0,3.2,clear sky,0.0,0
482,semey,KZ,2021-11-30 06:17:09,50.4111,80.2275,26.82,59,0,8.95,clear sky,0.0,0
483,orahovac,XK,2021-11-30 06:17:09,42.3994,20.6547,33.66,87,100,2.84,light snow,0.0,0
484,noormarkku,FI,2021-11-30 06:17:09,61.5927,21.8685,4.78,85,0,6.91,clear sky,0.0,0
485,pasinler,TR,2021-11-30 06:17:10,39.9803,41.6764,41.99,69,100,4.18,overcast clouds,0.0,0
486,marrakesh,MA,2021-11-30 06:15:01,31.6315,-8.0083,44.67,65,0,1.14,clear sky,0.0,0
487,media luna,CU,2021-11-30 06:17:10,20.1419,-77.435,71.33,87,89,12.33,overcast clouds,0.0,0
488,benguela,AO,2021-11-30 06:17:11,-12.5763,13.4055,77.56,83,97,1.66,overcast clouds,0.0,0
489,nampula,MZ,2021-11-30 06:17:11,-15.1165,39.2666,78.75,69,20,5.75,few clouds,0.0,0
490,chanika,TZ,2021-11-30 06:17:12,-5.4167,38.0167,78.6,62,88,3.29,overcast clouds,0.0,0
491,kangaatsiaq,GL,2021-11-30 06:17:12,68.3065,-53.4641,32.0,98,100,7.67,overcast clouds,0.0,0
492,olafsvik,IS,2021-11-30 06:17:12,64.8945,-23.7142,30.87,93,100,10.92,snow,0.0,0
493,nkhotakota,MW,2021-11-30 06:17:13,-12.9274,34.2961,83.35,56,20,3.62,few clouds,0.0,0
494,adrar,MR,2021-11-30 06:17:13,20.5022,-10.0711,57.79,30,89,11.52,overcast clouds,0.0,0
495,paris,FR,2021-11-30 06:15:29,48.8534,2.3488,41.77,92,90,4.0,overcast clouds,0.0,0
496,calella,ES,2021-11-30 06:17:14,41.618,2.6678,51.93,71,69,5.57,broken clouds,0.0,0
497,ostersund,SE,2021-11-30 06:17:14,63.1792,14.6357,12.65,92,40,5.75,scattered clouds,0.0,0
498,agirish,RU,2021-11-30 06:17:14,61.9247,63.0231,9.97,92,79,4.38,broken clouds,0.0,0
499,esna,EG,2021-11-30 06:17:15,25.2934,32.554,78.94,24,30,5.06,scattered clouds,0.0,0
500,eyl,SO,2021-11-30 06:17:15,7.9803,49.8164,82.31,51,23,20.78,few clouds,0.0,0
501,zastron,ZA,2021-11-30 06:17:16,-30.3023,27.084,68.9,31,15,14.74,few clouds,0.0,0
502,san jose,US,2021-11-30 06:17:16,37.3394,-121.895,63.59,60,1,0.0,clear sky,0.0,0
503,juan lacaze,UY,2021-11-30 06:17:17,-34.4342,-57.4381,59.11,65,0,19.42,clear sky,0.0,0
504,sao raimundo nonato,BR,2021-11-30 06:17:17,-9.0153,-42.6994,74.07,85,100,1.86,overcast clouds,0.0,0
505,ballangen,NO,2021-11-30 06:14:18,68.3428,16.8315,21.42,58,0,12.66,clear sky,0.0,0
506,mahon,ES,2021-11-30 06:17:18,39.8885,4.2658,46.96,76,20,10.36,few clouds,0.0,0
507,bodden town,KY,2021-11-30 06:17:18,19.2833,-81.25,76.93,67,100,13.29,overcast clouds,0.0,0
508,telimele,GN,2021-11-30 06:17:19,10.9167,-13.3333,67.91,83,46,1.45,scattered clouds,0.0,0
509,reyes,BO,2021-11-30 06:17:19,-14.3167,-67.3833,68.4,99,100,1.72,light rain,0.0,0
510,havre-saint-pierre,CA,2021-11-30 06:17:20,50.2334,-63.5986,28.99,80,90,13.8,light snow,0.0,0
511,gat,IL,2021-11-30 06:17:20,31.61,34.7642,75.9,26,41,6.29,scattered clouds,0.0,0
512,nevsehir,TR,2021-11-30 06:15:47,38.9167,34.6667,56.41,44,0,6.91,clear sky,0.0,0
513,kapuskasing,CA,2021-11-30 06:17:21,49.4169,-82.4331,19.49,86,90,1.14,overcast clouds,0.0,0
514,esfarayen,IR,2021-11-30 06:17:21,37.0765,57.5101,42.46,37,3,3.13,clear sky,0.0,0
515,tarko-sale,RU,2021-11-30 06:17:22,64.9225,77.785,-4.77,98,92,10.09,overcast clouds,0.0,0
516,gabu,GW,2021-11-30 06:17:22,12.2833,-14.2167,69.78,36,98,1.97,overcast clouds,0.0,0
517,umba,RU,2021-11-30 06:17:22,66.6871,34.3429,15.4,89,100,14.54,overcast clouds,0.0,0
518,hidrolandia,BR,2021-11-30 06:17:23,-4.4081,-40.4378,77.67,71,79,5.91,broken clouds,0.0,0
519,diffa,NE,2021-11-30 06:13:19,13.3154,12.6113,72.39,22,23,10.13,few clouds,0.0,0
520,urucara,BR,2021-11-30 06:17:23,-2.5364,-57.76,73.42,97,79,2.17,broken clouds,0.0,0
521,kidal,ML,2021-11-30 06:17:24,18.4411,1.4078,71.89,19,56,7.83,broken clouds,0.0,0
522,afantou,GR,2021-11-30 06:17:24,36.2935,28.1623,66.81,77,40,4.61,scattered clouds,0.0,0
523,high rock,BS,2021-11-30 06:17:24,26.6208,-78.2833,68.02,68,66,10.58,broken clouds,0.0,0
524,voskresenskoye,RU,2021-11-30 06:17:25,56.8381,45.4317,43.7,91,100,18.7,overcast clouds,0.0,0
525,norrtalje,SE,2021-11-30 06:17:25,59.758,18.705,21.02,78,34,6.55,scattered clouds,0.0,0
526,paidha,UG,2021-11-30 06:17:26,2.4167,30.9855,68.56,77,79,6.58,light rain,0.0,0
527,bentiu,SS,2021-11-30 06:17:26,9.2333,29.8333,85.5,42,22,2.15,few clouds,0.0,0
528,arraias,BR,2021-11-30 06:17:27,-12.9288,-46.9437,67.69,99,100,2.04,overcast clouds,0.0,0
529,chakradharpur,IN,2021-11-30 06:17:27,22.7,85.6333,77.9,34,66,5.77,broken clouds,0.0,0
530,fez,MA,2021-11-30 06:17:27,34.0372,-4.9998,46.51,93,40,6.91,scattered clouds,0.0,0
531,vuktyl,RU,2021-11-30 06:17:28,63.8567,57.3094,-2.45,97,82,5.59,broken clouds,0.0,0
532,dehloran,IR,2021-11-30 06:17:28,32.6941,47.2679,72.41,28,6,2.75,clear sky,0.0,0
533,westport,US,2021-11-30 06:12:30,41.1415,-73.3579,33.98,68,1,4.0,clear sky,0.0,0
534,fitchburg,US,2021-11-30 06:17:29,42.5834,-71.8023,27.88,74,1,1.01,clear sky,0.0,0
535,puntarenas,CR,2021-11-30 06:17:29,9.9763,-84.8384,78.73,83,100,3.24,overcast clouds,0.0,0
536,miragoane,HT,2021-11-30 06:17:29,18.4423,-73.0876,78.69,72,79,5.97,broken clouds,0.0,0
537,altoona,US,2021-11-30 06:12:37,40.5187,-78.3947,32.25,81,81,3.83,broken clouds,0.0,0
538,la brea,HN,2021-11-30 06:17:30,15.8,-85.9667,70.72,92,56,3.0,broken clouds,0.0,0
539,aden,YE,2021-11-30 06:17:30,12.7794,45.0367,80.04,67,0,8.34,clear sky,0.0,0
540,geraldton,AU,2021-11-30 06:15:48,-28.7667,114.6,75.61,53,40,21.85,scattered clouds,0.0,0
541,pallasovka,RU,2021-11-30 06:17:31,50.05,46.8833,44.28,77,100,25.46,light rain,0.0,0
542,takab,IR,2021-11-30 06:17:31,36.4009,47.1133,48.27,49,62,2.84,broken clouds,0.0,0
543,stromness,GB,2021-11-30 06:17:32,58.965,-3.296,39.45,83,100,12.64,overcast clouds,0.0,0
544,voyvozh,RU,2021-11-30 06:17:32,62.892,54.9635,1.96,94,79,8.41,broken clouds,0.0,0
545,oranjestad,AW,2021-11-30 06:17:33,12.524,-70.027,81.18,83,89,19.8,overcast clouds,0.0,0
546,grand gaube,MU,2021-11-30 06:17:34,-20.0064,57.6608,84.6,58,11,8.99,few clouds,0.0,0
547,balad,IQ,2021-11-30 06:17:34,34.0164,44.1453,66.38,41,89,11.34,overcast clouds,0.0,0
548,ayna,PE,2021-11-30 06:15:11,-12.65,-73.9167,59.74,74,100,2.04,overcast clouds,0.0,0
549,brumadinho,BR,2021-11-30 06:17:35,-20.1433,-44.1997,70.88,80,87,1.05,overcast clouds,0.0,0
550,richards bay,ZA,2021-11-30 06:17:35,-28.783,32.0377,78.33,67,71,14.54,broken clouds,0.0,0
551,giyani,ZA,2021-11-30 06:17:36,-23.3025,30.7187,81.25,47,98,3.94,overcast clouds,0.0,0
552,barcelos,PT,2021-11-30 06:17:36,41.5388,-8.6151,45.91,86,96,3.89,overcast clouds,0.0,0
553,gao,ML,2021-11-30 06:17:36,16.6362,1.637,70.05,18,69,9.55,broken clouds,0.0,0
554,parli,IN,2021-11-30 06:17:37,18.8486,76.5297,79.65,39,59,7.94,broken clouds,0.0,0
555,albacete,ES,2021-11-30 06:17:37,38.8333,-2.0,40.19,93,39,4.61,scattered clouds,0.0,0
556,nizhniye sergi,RU,2021-11-30 06:17:37,56.6614,59.3033,33.13,93,99,5.35,overcast clouds,0.0,0
557,agucadoura,PT,2021-11-30 06:17:38,41.4318,-8.7804,46.31,80,90,5.12,overcast clouds,0.0,0
558,suluktu,KG,2021-11-30 06:17:38,39.9337,69.57,38.68,25,100,4.34,overcast clouds,0.0,0
559,kargasok,RU,2021-11-30 06:17:39,59.0556,80.8572,20.43,88,93,11.14,overcast clouds,0.0,0
560,ciudad real,ES,2021-11-30 06:17:39,39.0,-4.0,44.11,95,75,2.46,broken clouds,0.0,0
561,yokadouma,CM,2021-11-30 06:17:39,3.5167,15.05,72.81,81,100,1.07,overcast clouds,0.0,0
562,eresos,GR,2021-11-30 06:17:40,39.1667,25.9333,62.11,67,43,36.28,scattered clouds,0.0,0
563,binga,ZW,2021-11-30 06:17:40,-17.6203,27.3414,84.29,37,40,11.9,scattered clouds,0.0,0
564,juigalpa,NI,2021-11-30 06:17:41,12.1063,-85.3645,74.16,76,98,20.2,overcast clouds,0.0,0
565,mangrol,IN,2021-11-30 06:17:41,21.1167,70.1167,82.51,44,94,7.49,overcast clouds,0.0,0
566,bonthe,SL,2021-11-30 06:12:57,7.5264,-12.505,78.85,83,100,3.94,overcast clouds,0.0,0
567,porto walter,BR,2021-11-30 06:17:42,-8.2686,-72.7439,70.9,99,100,3.85,light rain,0.0,0
568,bom jesus,BR,2021-11-30 06:17:42,-9.0744,-44.3586,72.21,93,100,0.78,overcast clouds,0.0,0
569,temir,KZ,2021-11-30 06:17:42,49.1414,57.13,26.78,80,61,13.87,broken clouds,0.0,0
570,agropoli,IT,2021-11-30 06:17:43,40.3469,14.9966,46.29,85,60,7.4,broken clouds,0.0,0
571,quelimane,MZ,2021-11-30 06:17:43,-17.8786,36.8883,78.75,69,20,4.61,few clouds,0.0,0
572,pokhara,NP,2021-11-30 06:13:04,28.2333,83.9833,66.87,53,95,5.44,overcast clouds,0.0,0
573,moissala,TD,2021-11-30 06:17:44,8.3404,17.7663,75.85,33,62,1.48,broken clouds,0.0,0
574,jodhpur,IN,2021-11-30 06:17:44,26.2867,73.03,79.36,26,82,8.19,broken clouds,0.0,0
575,yei,SS,2021-11-30 06:17:44,4.095,30.6779,75.27,76,93,2.64,overcast clouds,0.0,0
